fecha,AAPL.close,variacion_precio,AAPL.volume,mes,year,dia,mes_year
2021-01-04,129.41000366210938,0.9752807391744132,143301900,1,2021,4,1-2021
2021-01-05,131.00999450683594,1.0123637338648421,97664900,1,2021,5,1-2021
2021-01-06,126.5999984741211,0.9663384763176619,155088000,1,2021,6,1-2021
2021-01-07,130.9199981689453,1.0341232207495428,109578200,1,2021,7,1-2021
2021-01-08,132.0500030517578,1.0086312625925513,105158200,1,2021,8,1-2021
2021-01-11,128.97999572753906,0.9767511756662706,100384500,1,2021,11,1-2021
2021-01-12,128.8000030517578,0.9986044915355597,91951100,1,2021,12,1-2021
2021-01-13,130.88999938964844,1.0162266792575367,88636800,1,2021,13,1-2021
2021-01-14,128.91000366210938,0.9848728265201928,90221800,1,2021,14,1-2021
2021-01-15,127.13999938964844,0.9862694575891848,111598500,1,2021,15,1-2021
2021-01-19,127.83000183105469,1.0054271074777308,90757300,1,2021,19,1-2021
2021-01-20,132.02999877929688,1.0328561127128284,104319500,1,2021,20,1-2021
2021-01-21,136.8699951171875,1.0366583078288232,120150900,1,2021,21,1-2021
2021-01-22,139.07000732421875,1.016073736286376,114459400,1,2021,22,1-2021
2021-01-25,142.9199981689453,1.0276838329040348,157611700,1,2021,25,1-2021
2021-01-26,143.16000366210938,1.0016792995818566,98390600,1,2021,26,1-2021
2021-01-27,142.05999755859375,0.9923162470286611,140843800,1,2021,27,1-2021
2021-01-28,137.08999633789062,0.9650147732921563,142621100,1,2021,28,1-2021
2021-01-29,131.9600067138672,0.9625794021368316,177523800,1,2021,29,1-2021
2021-02-01,134.13999938964844,1.016520101279687,106239800,2,2021,32,2-2021
2021-02-02,134.99000549316406,1.0063367087176327,83305400,2,2021,33,2-2021
2021-02-03,133.94000244140625,0.9922216237570938,89880900,2,2021,34,2-2021
2021-02-04,137.38999938964844,1.025757778746879,84183100,2,2021,35,2-2021
2021-02-05,136.75999450683594,0.9954144778687585,75693800,2,2021,36,2-2021
2021-02-08,136.91000366210938,1.0010968789214594,71297200,2,2021,39,2-2021
2021-02-09,136.00999450683594,0.993426271775621,76774200,2,2021,40,2-2021
2021-02-10,135.38999938964844,0.9954415473698417,73046600,2,2021,41,2-2021
2021-02-11,135.1300048828125,0.998079662397459,64280000,2,2021,42,2-2021
2021-02-12,135.3699951171875,1.0017759951580194,60145100,2,2021,43,2-2021
2021-02-16,133.19000244140625,0.9838960422958273,80576300,2,2021,47,2-2021
2021-02-17,130.83999633789062,0.9823559872329798,97918500,2,2021,48,2-2021
2021-02-18,129.7100067138672,0.9913635764624659,96856700,2,2021,49,2-2021
2021-02-19,129.8699951171875,1.0012334314627955,87668800,2,2021,50,2-2021
2021-02-22,126,0.9702010066782906,103916400,2,2021,53,2-2021
2021-02-23,125.86000061035156,0.9988888937329489,158273000,2,2021,54,2-2021
2021-02-24,125.3499984741211,0.9959478616418462,111039900,2,2021,55,2-2021
2021-02-25,120.98999786376953,0.9652173860117621,148199500,2,2021,56,2-2021
2021-02-26,121.26000213623047,1.0022316247394678,164560400,2,2021,57,2-2021
2021-03-01,127.79000091552734,1.0538512177491197,116307900,3,2021,60,3-2021
2021-03-02,125.12000274658203,0.9791063608277908,102260900,3,2021,61,3-2021
2021-03-03,122.05999755859375,0.9755434373336291,112966300,3,2021,62,3-2021
2021-03-04,120.12999725341797,0.9841881013945678,178155000,3,2021,63,3-2021
2021-03-05,121.41999816894531,1.0107383746359875,153766600,3,2021,64,3-2021
2021-03-08,116.36000061035156,0.9583264895824393,154376600,3,2021,67,3-2021
2021-03-09,121.08999633789062,1.0406496708725377,129525800,3,2021,68,3-2021
2021-03-10,119.9800033569336,0.9908333222022759,111943300,3,2021,69,3-2021
2021-03-11,121.95999908447266,1.0165027143869023,103026500,3,2021,70,3-2021
2021-03-12,121.02999877929688,0.9923745464729657,88105100,3,2021,71,3-2021
2021-03-15,123.98999786376953,1.024456738943461,92403800,3,2021,74,3-2021
2021-03-16,125.56999969482422,1.0127429781294994,115227900,3,2021,75,3-2021
2021-03-17,124.76000213623047,0.9935494340960237,111932600,3,2021,76,3-2021
2021-03-18,120.52999877929688,0.966094875885665,121229700,3,2021,77,3-2021
2021-03-19,119.98999786376953,0.9955197799635247,185549500,3,2021,78,3-2021
2021-03-22,123.38999938964844,1.0283357078624094,111912300,3,2021,81,3-2021
2021-03-23,122.54000091552734,0.9931112855310347,95467100,3,2021,82,3-2021
2021-03-24,120.08999633789062,0.9800064912736077,88530500,3,2021,83,3-2021
2021-03-25,120.58999633789062,1.0041635441356263,98844700,3,2021,84,3-2021
2021-03-26,121.20999908447266,1.0051414111071435,94071200,3,2021,85,3-2021
2021-03-29,121.38999938964844,1.001485028516916,80819200,3,2021,88,3-2021
2021-03-30,119.9000015258789,0.9877255303463113,85671900,3,2021,89,3-2021
2021-03-31,122.1500015258789,1.0187656377928767,118323800,3,2021,90,3-2021
2021-04-01,123,1.0069586448096852,75089100,4,2021,91,4-2021
2021-04-05,125.9000015258789,1.0235772481778773,88651200,4,2021,95,4-2021
2021-04-06,126.20999908447266,1.0024622522226898,80171300,4,2021,96,4-2021
2021-04-07,127.9000015258789,1.0133904005519812,83466700,4,2021,97,4-2021
2021-04-08,130.36000061035156,1.0192337690001896,88844600,4,2021,98,4-2021
2021-04-09,133,1.0202516061467308,106686700,4,2021,99,4-2021
2021-04-12,131.24000549316406,0.9867669585952186,91420000,4,2021,102,4-2021
2021-04-13,134.42999267578125,1.0243065151561834,91266500,4,2021,103,4-2021
2021-04-14,132.02999877929688,0.9821468866529459,87222800,4,2021,104,4-2021
2021-04-15,134.5,1.018707878842232,89347100,4,2021,105,4-2021
2021-04-16,134.16000366210938,0.9974721461866868,84922400,4,2021,106,4-2021
2021-04-19,134.83999633789062,1.0050685201045004,94264200,4,2021,109,4-2021
2021-04-20,133.11000061035156,0.9871700105716117,94812300,4,2021,110,4-2021
2021-04-21,133.5,1.0029299029964704,68847100,4,2021,111,4-2021
2021-04-22,131.94000244140625,0.9883146250292603,84566500,4,2021,112,4-2021
2021-04-23,134.32000732421875,1.0180385390235949,78657500,4,2021,113,4-2021
2021-04-26,134.72000122070312,1.0029779174707671,66905100,4,2021,116,4-2021
2021-04-27,134.38999938964844,0.9975504614900198,66015800,4,2021,117,4-2021
2021-04-28,133.5800018310547,0.9939727839699942,107760100,4,2021,118,4-2021
2021-04-29,133.47999572753906,0.99925133925629,151101000,4,2021,119,4-2021
2021-04-30,131.4600067138672,0.9848667285111763,109839500,4,2021,120,4-2021
2021-05-03,132.5399932861328,1.0082153241830902,75135100,5,2021,123,5-2021
2021-05-04,127.8499984741211,0.9646144933636237,137564700,5,2021,124,5-2021
2021-05-05,128.10000610351562,1.0019554762016296,84000900,5,2021,125,5-2021
2021-05-06,129.74000549316406,1.0128024926737567,78128300,5,2021,126,5-2021
2021-05-07,130.2100067138672,1.003622639130595,78973300,5,2021,127,5-2021
2021-05-10,126.8499984741211,0.9741954683473013,88071200,5,2021,130,5-2021
2021-05-11,125.91000366210938,0.9925897136514078,126142800,5,2021,131,5-2021
2021-05-12,122.7699966430664,0.9750614968809829,112172300,5,2021,132,5-2021
2021-05-13,124.97000122070312,1.01791972499627,105861300,5,2021,133,5-2021
2021-05-14,127.44999694824219,1.019844728361323,81918000,5,2021,134,5-2021
2021-05-17,126.2699966430664,0.9907414646258879,74244600,5,2021,137,5-2021
2021-05-18,124.8499984741211,0.9887542709535402,63342900,5,2021,138,5-2021
2021-05-19,124.69000244140625,0.9987184939153363,92612000,5,2021,139,5-2021
2021-05-20,127.30999755859375,1.0210120704618535,76857100,5,2021,140,5-2021
2021-05-21,125.43000030517578,0.9852329173712165,79295400,5,2021,141,5-2021
2021-05-24,127.0999984741211,1.0133141845242937,63092900,5,2021,144,5-2021
2021-05-25,126.9000015258789,0.9984264598690541,72009500,5,2021,145,5-2021
2021-05-26,126.8499984741211,0.9996059649239042,56575900,5,2021,146,5-2021
2021-05-27,125.27999877929688,0.9876231792376055,94625600,5,2021,147,5-2021
2021-05-28,124.61000061035156,0.9946519941293611,71311100,5,2021,148,5-2021
2021-06-01,124.27999877929688,0.9973517227394406,67637100,6,2021,152,6-2021
2021-06-02,125.05999755859375,1.0062761408670597,59278900,6,2021,153,6-2021
2021-06-03,123.54000091552734,0.9878458606049928,76229200,6,2021,154,6-2021
2021-06-04,125.88999938964844,1.019022166559056,75169300,6,2021,155,6-2021
2021-06-07,125.9000015258789,1.00007945139629,71057600,6,2021,158,6-2021
2021-06-08,126.73999786376953,1.006671932706196,74403800,6,2021,159,6-2021
2021-06-09,127.12999725341797,1.0030771610874385,56877900,6,2021,160,6-2021
2021-06-10,126.11000061035156,0.9919767429788174,71186400,6,2021,161,6-2021
2021-06-11,127.3499984741211,1.009832668763525,53522400,6,2021,162,6-2021
2021-06-14,130.47999572753906,1.0245779135525785,96906500,6,2021,165,6-2021
2021-06-15,129.63999938964844,0.9935622596153003,62746300,6,2021,166,6-2021
2021-06-16,130.14999389648438,1.0039339286426798,91815000,6,2021,167,6-2021
2021-06-17,131.7899932861328,1.0126008410799683,96721700,6,2021,168,6-2021
2021-06-18,130.4600067138672,0.9899082886408678,108953300,6,2021,169,6-2021
2021-06-21,132.3000030517578,1.0141039111083767,79663300,6,2021,172,6-2021
2021-06-22,133.97999572753906,1.0126983570448143,74783600,6,2021,173,6-2021
2021-06-23,133.6999969482422,0.997910144885612,60214200,6,2021,174,6-2021
2021-06-24,133.41000366210938,0.9978310150130738,68711000,6,2021,175,6-2021
2021-06-25,133.11000061035156,0.9977512701932185,70783700,6,2021,176,6-2021
2021-06-28,134.77999877929688,1.0125460007609333,62111300,6,2021,179,6-2021
2021-06-29,136.3300018310547,1.0115002453316233,64556100,6,2021,180,6-2021
2021-06-30,136.9600067138672,1.0046211756352297,63261400,6,2021,181,6-2021
2021-07-01,137.27000427246094,1.002263416642797,52485800,7,2021,182,7-2021
2021-07-02,139.9600067138672,1.0195964329983336,78852600,7,2021,183,7-2021
2021-07-06,142.02000427246094,1.0147184728477843,108181800,7,2021,187,7-2021
2021-07-07,144.57000732421875,1.0179552385230584,104911600,7,2021,188,7-2021
2021-07-08,143.24000549316406,0.9908002921513868,105575500,7,2021,189,7-2021
2021-07-09,145.11000061035156,1.0130549779773412,99890800,7,2021,190,7-2021
2021-07-12,144.5,0.9957962882793342,76299700,7,2021,193,7-2021
2021-07-13,145.63999938964844,1.0078892691325152,100827100,7,2021,194,7-2021
2021-07-14,149.14999389648438,1.0241004842182484,127050800,7,2021,195,7-2021
2021-07-15,148.47999572753906,0.9955078900679653,106820300,7,2021,196,7-2021
2021-07-16,146.38999938964844,0.9859240544313742,93251400,7,2021,197,7-2021
2021-07-19,142.4499969482422,0.9730855764886023,121434600,7,2021,200,7-2021
2021-07-20,146.14999389648438,1.0259740051071151,96350000,7,2021,201,7-2021
2021-07-21,145.39999389648438,0.9948682857932158,74993500,7,2021,202,7-2021
2021-07-22,146.8000030517578,1.0096286740993274,77338200,7,2021,203,7-2021
2021-07-23,148.55999755859375,1.0119890631488297,71447400,7,2021,204,7-2021
2021-07-26,148.99000549316406,1.0028945068769317,72434100,7,2021,207,7-2021
2021-07-27,146.77000427246094,0.9850996634750444,104818600,7,2021,208,7-2021
2021-07-28,144.97999572753906,0.9878039892838121,118931200,7,2021,209,7-2021
2021-07-29,145.63999938964844,1.0045523774421246,56699500,7,2021,210,7-2021
2021-07-30,145.86000061035156,1.0015105824061048,70440600,7,2021,211,7-2021
2021-08-02,145.52000427246094,0.9976690227857677,62880000,8,2021,214,8-2021
2021-08-03,147.36000061035156,1.0126442845235597,64786600,8,2021,215,8-2021
2021-08-04,146.9499969482422,0.9972176733142564,56368300,8,2021,216,8-2021
2021-08-05,147.05999755859375,1.000748558098918,46397700,8,2021,217,8-2021
2021-08-06,146.13999938964844,0.9937440623948144,54126800,8,2021,218,8-2021
2021-08-09,146.08999633789062,0.9996578414399435,48908700,8,2021,221,8-2021
2021-08-10,145.60000610351562,0.9966459699729083,69023100,8,2021,222,8-2021
2021-08-11,145.86000061035156,1.001785676483084,48493500,8,2021,223,8-2021
2021-08-12,148.88999938964844,1.0207733358468245,72282600,8,2021,224,8-2021
2021-08-13,149.10000610351562,1.0014104823341263,59375000,8,2021,225,8-2021
2021-08-16,151.1199951171875,1.0135478801541393,103296000,8,2021,228,8-2021
2021-08-17,150.19000244140625,0.993845998505624,92229700,8,2021,229,8-2021
2021-08-18,146.36000061035156,0.9744989561968421,86326000,8,2021,230,8-2021
2021-08-19,146.6999969482422,1.0023230140507842,86960300,8,2021,231,8-2021
2021-08-20,148.19000244140625,1.010156820205591,60549600,8,2021,232,8-2021
2021-08-23,149.7100067138672,1.0102571310305628,60131800,8,2021,235,8-2021
2021-08-24,149.6199951171875,0.9993987603189964,48606400,8,2021,236,8-2021
2021-08-25,148.36000061035156,0.9915787023930253,58991300,8,2021,237,8-2021
2021-08-26,147.5399932861328,0.994472854402499,48597200,8,2021,238,8-2021
2021-08-27,148.60000610351562,1.0071845795419487,55802400,8,2021,239,8-2021
2021-08-30,153.1199951171875,1.0304171522746992,90956700,8,2021,242,8-2021
2021-08-31,151.8300018310547,0.9915752786881586,86453100,8,2021,243,8-2021
2021-09-01,152.50999450683594,1.00447864498176,80313700,9,2021,244,9-2021
2021-09-02,153.64999389648438,1.0074749159445897,71115500,9,2021,245,9-2021
2021-09-03,154.3000030517578,1.0042304535053308,57808700,9,2021,246,9-2021
2021-09-07,156.69000244140625,1.0154893022837255,82278300,9,2021,250,9-2021
2021-09-08,155.11000061035156,0.9899163839017392,74420200,9,2021,251,9-2021
2021-09-09,154.07000732421875,0.9932951242212592,57305700,9,2021,252,9-2021
2021-09-10,148.97000122070312,0.9668981251309778,140893200,9,2021,253,9-2021
2021-09-13,149.5500030517578,1.0038934136155064,102404300,9,2021,256,9-2021
2021-09-14,148.1199951171875,0.9904379277473141,109296300,9,2021,257,9-2021
2021-09-15,149.02999877929688,1.0061436922232505,83281300,9,2021,258,9-2021
2021-09-16,148.7899932861328,0.9983895491167554,68034100,9,2021,259,9-2021
2021-09-17,146.05999755859375,0.9816520206282346,129868800,9,2021,260,9-2021
2021-09-20,142.94000244140625,0.9786389485873032,123478900,9,2021,263,9-2021
2021-09-21,143.42999267578125,1.0034279433748845,75834000,9,2021,264,9-2021
2021-09-22,145.85000610351562,1.0168724363892616,76404300,9,2021,265,9-2021
2021-09-23,146.8300018310547,1.0067192025130498,64838200,9,2021,266,9-2021
2021-09-24,146.9199981689453,1.0006129288072487,53477900,9,2021,267,9-2021
2021-09-27,145.3699951171875,0.9894500199355064,74150700,9,2021,270,9-2021
2021-09-28,141.91000366210938,0.9761987234553533,108972300,9,2021,271,9-2021
2021-09-29,142.8300018310547,1.0064829691015713,74602000,9,2021,272,9-2021
2021-09-30,141.5,0.9906882180634019,89056700,9,2021,273,9-2021
2021-10-01,142.64999389648438,1.0081271653461794,94639600,10,2021,274,10-2021
2021-10-04,139.13999938964844,0.9753943592217535,98322000,10,2021,277,10-2021
2021-10-05,141.11000061035156,1.014158410445197,80861100,10,2021,278,10-2021
2021-10-06,142,1.0063071319240229,83221100,10,2021,279,10-2021
2021-10-07,143.2899932861328,1.0090844597614987,61732700,10,2021,280,10-2021
2021-10-08,142.89999389648438,0.9972782510438838,58773200,10,2021,281,10-2021
2021-10-11,142.80999755859375,0.9993702145434953,64452200,10,2021,284,10-2021
2021-10-12,141.50999450683594,0.9908969744837056,73035900,10,2021,285,10-2021
2021-10-13,140.91000366210938,0.995760081492353,78762700,10,2021,286,10-2021
2021-10-14,143.75999450683594,1.0202256104652485,69907100,10,2021,287,10-2021
2021-10-15,144.83999633789062,1.007512533892058,67940300,10,2021,288,10-2021
2021-10-18,146.5500030517578,1.011806177555252,85589200,10,2021,291,10-2021
2021-10-19,148.75999450683594,1.0150801187926117,76378900,10,2021,292,10-2021
2021-10-20,149.25999450683594,1.0033611187043774,58418800,10,2021,293,10-2021
2021-10-21,149.47999572753906,1.0014739463272126,61421000,10,2021,294,10-2021
2021-10-22,148.69000244140625,0.994715056805509,58883400,10,2021,295,10-2021
2021-10-25,148.63999938964844,0.9996637093890861,50720600,10,2021,298,10-2021
2021-10-26,149.32000732421875,1.0045748650253135,60893400,10,2021,299,10-2021
2021-10-27,148.85000610351562,0.9968523895148048,56094900,10,2021,300,10-2021
2021-10-28,152.57000732421875,1.0249916094603053,100077900,10,2021,301,10-2021
2021-10-29,149.8000030517578,0.9818443721604172,124953200,10,2021,302,10-2021
2021-11-01,148.9600067138672,0.9943925479253802,74588300,11,2021,305,11-2021
2021-11-02,150.02000427246094,1.0071159875860496,69122000,11,2021,306,11-2021
2021-11-03,151.49000549316406,1.0097987013654084,54511500,11,2021,307,11-2021
2021-11-04,150.9600067138672,0.9965014274204328,60394600,11,2021,308,11-2021
2021-11-05,151.27999877929688,1.0021197141706293,65463900,11,2021,309,11-2021
2021-11-08,150.44000244140625,0.9944474065000748,55020900,11,2021,312,11-2021
2021-11-09,150.80999755859375,1.0024594197765426,56787900,11,2021,313,11-2021
2021-11-10,147.9199981689453,0.9808368182717754,65187100,11,2021,314,11-2021
2021-11-11,147.8699951171875,0.9996619588130288,41000000,11,2021,315,11-2021
2021-11-12,149.99000549316406,1.0143369882057307,63804000,11,2021,316,11-2021
2021-11-15,150,1.0000666344854316,59222800,11,2021,319,11-2021
2021-11-16,151,1.0066666666666666,59256200,11,2021,320,11-2021
2021-11-17,153.49000549316406,1.0164901026037356,88807000,11,2021,321,11-2021
2021-11-18,157.8699951171875,1.028535992359571,137827700,11,2021,322,11-2021
2021-11-19,160.5500030517578,1.0169760436907656,117305600,11,2021,323,11-2021
2021-11-22,161.02000427246094,1.002927444483147,117467900,11,2021,326,11-2021
2021-11-23,161.41000366210938,1.0024220555167078,96041900,11,2021,327,11-2021
2021-11-24,161.94000244140625,1.003283555958566,69463600,11,2021,328,11-2021
2021-11-26,156.80999755859375,0.9683215709184106,76959800,11,2021,330,11-2021
2021-11-29,160.24000549316406,1.0218736559401365,88748200,11,2021,333,11-2021
2021-11-30,165.3000030517578,1.0315776172312325,174048100,11,2021,334,11-2021
2021-12-01,164.77000427246094,0.9967937158529215,152052500,12,2021,335,12-2021
2021-12-02,163.75999450683594,0.9938701842602683,136739200,12,2021,336,12-2021
2021-12-03,161.83999633789062,0.9882755359468142,118023100,12,2021,337,12-2021
2021-12-06,165.32000732421875,1.021502787105003,107497000,12,2021,340,12-2021
2021-12-07,171.17999267578125,1.0354463167913497,120405400,12,2021,341,12-2021
2021-12-08,175.0800018310547,1.0227830898594565,116998900,12,2021,342,12-2021
2021-12-09,174.55999755859375,0.9970299048033897,108923700,12,2021,343,12-2021
2021-12-10,179.4499969482422,1.028013287454401,115402700,12,2021,344,12-2021
2021-12-13,175.74000549316406,0.9793257647357432,153237000,12,2021,347,12-2021
2021-12-14,174.3300018310547,0.9919767632978467,139380400,12,2021,348,12-2021
2021-12-15,179.3000030517578,1.028509156017331,131063300,12,2021,349,12-2021
2021-12-16,172.25999450683594,0.9607361493301835,150185800,12,2021,350,12-2021
2021-12-17,171.13999938964844,0.9934982285330152,195432700,12,2021,351,12-2021
2021-12-20,169.75,0.9918779981617055,107499100,12,2021,354,12-2021
2021-12-21,172.99000549316406,1.0190869248492729,91185900,12,2021,355,12-2021
2021-12-22,175.63999938964844,1.0153187687862644,92135300,12,2021,356,12-2021
2021-12-23,176.27999877929688,1.0036438134358485,68356600,12,2021,357,12-2021
2021-12-27,180.3300018310547,1.0229748302689088,74919600,12,2021,361,12-2021
2021-12-28,179.2899932861328,0.9942327481042438,79144300,12,2021,362,12-2021
2021-12-29,179.3800048828125,1.0005020447322792,62348900,12,2021,363,12-2021
2021-12-30,178.1999969482422,0.9934217420980604,59773000,12,2021,364,12-2021
2021-12-31,177.57000732421875,0.9964647046306829,64062300,12,2021,365,12-2021
2022-01-03,182.00999450683594,1.0250041504729477,104487900,1,2022,3,1-2022
2022-01-04,179.6999969482422,0.9873084026794638,99310400,1,2022,4,1-2022
2022-01-05,174.9199981689453,0.9734001176378783,94537600,1,2022,5,1-2022
2022-01-06,172,0.983306664763825,96904000,1,2022,6,1-2022
2022-01-07,172.1699981689453,1.0009883614473565,86709100,1,2022,7,1-2022
2022-01-10,172.19000244140625,1.0001161890728565,106765600,1,2022,10,1-2022
2022-01-11,175.0800018310547,1.0167837815707788,76138300,1,2022,11,1-2022
2022-01-12,175.52999877929688,1.0025702361408266,74805200,1,2022,12,1-2022
2022-01-13,172.19000244140625,0.9809719343638225,84505800,1,2022,13,1-2022
2022-01-14,173.07000732421875,1.0051106618870742,80440800,1,2022,14,1-2022
2022-01-18,169.8000030517578,0.981105887016373,90956700,1,2022,18,1-2022
2022-01-19,166.22999572753906,0.978975222261153,94815000,1,2022,19,1-2022
2022-01-20,164.50999450683594,0.9896528829639007,91420500,1,2022,20,1-2022
2022-01-21,162.41000366210938,0.9872348737775971,122848900,1,2022,21,1-2022
2022-01-24,161.6199951171875,0.9951357149984094,162294600,1,2022,24,1-2022
2022-01-25,159.77999877929688,0.9886152927021408,115798400,1,2022,25,1-2022
2022-01-26,159.69000244140625,0.9994367484129542,108275300,1,2022,26,1-2022
2022-01-27,159.22000122070312,0.9970567899460357,121954600,1,2022,27,1-2022
2022-01-28,170.3300018310547,1.0697776694207621,179935700,1,2022,28,1-2022
2022-01-31,174.77999877929688,1.026125737688044,115541600,1,2022,31,1-2022
2022-02-01,174.61000061035156,0.99902735913644225,86213900,2,2022,32,2-2022
2022-02-02,175.83999633789062,1.0070442455944082,84914300,2,2022,33,2-2022
2022-02-03,172.89999389648438,0.9832802405446096,89418100,2,2022,34,2-2022
2022-02-04,172.38999938964844,0.9970503497695826,82465400,2,2022,35,2-2022
2022-02-07,171.66000366210938,0.9957654403960576,77251200,2,2022,38,2-2022
2022-02-08,174.8300018310547,1.0184667255115818,74829200,2,2022,39,2-2022
2022-02-09,176.27999877929688,1.0082937535494816,71285000,2,2022,40,2-2022
2022-02-10,172.1199951171875,0.9764011590031964,90865900,2,2022,41,2-2022
2022-02-11,168.63999938964844,0.9797815720063802,98670700,2,2022,42,2-2022
2022-02-14,168.8800048828125,1.0014231824835904,86185500,2,2022,45,2-2022
2022-02-15,172.7899932861328,1.0231524650063428,62527400,2,2022,46,2-2022
2022-02-16,172.5500030517578,0.9986110871942823,61177400,2,2022,47,2-2022
2022-02-17,168.8800048828125,0.9787308136537994,69589300,2,2022,48,2-2022
2022-02-18,167.3000030517578,0.9906442338620782,82772700,2,2022,49,2-2022
2022-02-22,164.32000732421875,0.9821877126528376,91162800,2,2022,53,2-2022
2022-02-23,160.07000732421875,0.9741358336747493,90009200,2,2022,54,2-2022
2022-02-24,162.74000549316406,1.0166801902091331,141147500,2,2022,55,2-2022
2022-02-25,164.85000610351562,1.0129654697009347,91974200,2,2022,56,2-2022
2022-02-28,165.1199951171875,1.0016377858882355,95056600,2,2022,59,2-2022
2022-03-01,163.1999969482422,0.98837210376864,83474400,3,2022,60,3-2022
2022-03-02,166.55999755859375,1.0205882394190067,79724800,3,2022,61,3-2022
2022-03-03,166.22999572753906,0.9980187209660675,76678400,3,2022,62,3-2022
2022-03-04,163.1699981689453,0.9815917846523363,83737200,3,2022,63,3-2022
2022-03-07,159.3000030517578,0.9762824345123757,96418800,3,2022,66,3-2022
2022-03-08,157.44000244140625,0.9883239135296988,131148300,3,2022,67,3-2022
2022-03-09,162.9499969482422,1.0349974239163682,91454900,3,2022,68,3-2022
2022-03-10,158.52000427246094,0.9728137909865174,105342000,3,2022,69,3-2022
2022-03-11,154.72999572753906,0.9760912916807163,96970100,3,2022,70,3-2022
2022-03-14,150.6199951171875,0.9734375963042823,108732100,3,2022,73,3-2022
2022-03-15,155.08999633789062,1.0296773427540302,92964300,3,2022,74,3-2022
2022-03-16,159.58999633789062,1.0290154110919956,102300200,3,2022,75,3-2022
2022-03-17,160.6199951171875,1.0064540309726941,75615400,3,2022,76,3-2022
2022-03-18,163.97999572753906,1.0209189435468486,123511700,3,2022,77,3-2022
2022-03-21,165.3800048828125,1.008537682593916,95811400,3,2022,80,3-2022
2022-03-22,168.82000732421875,1.0208005946295855,81532000,3,2022,81,3-2022
2022-03-23,170.2100067138672,1.008233617636202,98062700,3,2022,82,3-2022
2022-03-24,174.07000732421875,1.0226778712067173,90131400,3,2022,83,3-2022
2022-03-25,174.72000122070312,1.0037340947270355,80546200,3,2022,84,3-2022
2022-03-28,175.60000610351562,1.0050366579479408,90371900,3,2022,87,3-2022
2022-03-29,178.9600067138672,1.0191343991660846,100589400,3,2022,88,3-2022
2022-03-30,177.77000427246094,0.993350455985907,92633200,3,2022,89,3-2022
2022-03-31,174.61000061035156,0.9822242021366767,103049300,3,2022,90,3-2022
2022-04-01,174.30999755859375,0.9982818678729216,78751300,4,2022,91,4-2022
2022-04-04,178.44000244140625,1.0236934481134636,76468400,4,2022,94,4-2022
2022-04-05,175.05999755859375,0.9810580316264993,73401800,4,2022,95,4-2022
2022-04-06,171.8300018310547,0.9815492072855881,89058800,4,2022,96,4-2022
2022-04-07,172.13999938964844,1.001804094484609,77594700,4,2022,97,4-2022
2022-04-08,170.08999633789062,0.9880910708782012,76575500,4,2022,98,4-2022
2022-04-11,165.75,0.9744841176357659,72246700,4,2022,101,4-2022
2022-04-12,167.66000366210938,1.0115234006763762,79265200,4,2022,102,4-2022
2022-04-13,170.39999389648438,1.0163425395116714,70618900,4,2022,103,4-2022
2022-04-14,165.2899932861328,0.9700117324331842,75329400,4,2022,104,4-2022
2022-04-18,165.07000732421875,0.998669090865451,69023900,4,2022,108,4-2022
2022-04-19,167.39999389648438,1.0141151418724375,67723800,4,2022,109,4-2022
2022-04-20,167.22999572753906,0.9989844792404805,67929800,4,2022,110,4-2022
2022-04-21,166.4199981689453,0.995156385939796,87227800,4,2022,111,4-2022
2022-04-22,161.7899932861328,0.972178795014093,84882400,4,2022,112,4-2022
2022-04-25,162.8800048828125,1.0067372003332242,96046400,4,2022,115,4-2022
2022-04-26,156.8000030517578,0.9626718955747264,95623200,4,2022,116,4-2022
2022-04-27,156.57000732421875,0.9985331905416919,88063200,4,2022,117,4-2022
2022-04-28,163.63999938964844,1.0451554687021853,130216800,4,2022,118,4-2022
2022-04-29,157.64999389648438,0.9633952241780381,131747600,4,2022,119,4-2022
2022-05-02,157.9600067138672,1.0019664626031408,123055300,5,2022,122,5-2022
2022-05-03,159.47999572753906,1.0096226193281013,88966500,5,2022,123,5-2022
2022-05-04,166.02000427246094,1.0410083315784322,108256500,5,2022,124,5-2022
2022-05-05,156.77000427246094,0.9442838226601927,130525300,5,2022,125,5-2022
2022-05-06,157.27999877929688,1.0032531383104997,116124600,5,2022,126,5-2022
2022-05-09,152.05999755859375,0.9668107752974484,131577900,5,2022,129,5-2022
2022-05-10,154.50999450683594,1.016112041217797,115366700,5,2022,130,5-2022
2022-05-11,146.5,0.948158728939172,142689800,5,2022,131,5-2022
2022-05-12,142.55999755859375,0.9731057853828925,182602000,5,2022,132,5-2022
2022-05-13,147.11000061035156,1.031916408036467,113990900,5,2022,133,5-2022
2022-05-16,145.5399932861328,0.9893276642124609,86643800,5,2022,136,5-2022
2022-05-17,149.24000549316406,1.0254226492903362,78336300,5,2022,137,5-2022
2022-05-18,140.82000732421875,0.9435808237803168,109742900,5,2022,138,5-2022
2022-05-19,137.35000610351562,0.9753586064463559,136095600,5,2022,139,5-2022
2022-05-20,137.58999633789062,1.001747289579253,137426100,5,2022,140,5-2022
2022-05-23,143.11000061035156,1.0401192268288533,117726300,5,2022,143,5-2022
2022-05-24,140.36000061035156,0.9807840123801866,104132700,5,2022,144,5-2022
2022-05-25,140.52000427246094,1.0011399519906925,92482700,5,2022,145,5-2022
2022-05-26,143.77999877929688,1.0231995047517575,90601500,5,2022,146,5-2022
2022-05-27,149.63999938964844,1.0407567162338531,90978500,5,2022,147,5-2022
2022-05-31,148.83999633789062,0.9946538154569576,103718400,5,2022,151,5-2022
2022-06-01,148.7100067138672,0.9991266485674433,74286600,6,2022,152,6-2022
2022-06-02,151.2100067138672,1.0168112426005753,72348100,6,2022,153,6-2022
2022-06-03,145.3800048828125,0.961444338521281,88570300,6,2022,154,6-2022
2022-06-06,146.13999938964844,1.0052276412251364,71598400,6,2022,157,6-2022
2022-06-07,148.7100067138672,1.0175859267479974,67808200,6,2022,158,6-2022
2022-06-08,147.9600067138672,0.9949566272198274,53950200,6,2022,159,6-2022
2022-06-09,142.63999938964844,0.9640442884373015,69473000,6,2022,160,6-2022
2022-06-10,137.1300048828125,0.9613713226976093,91437900,6,2022,161,6-2022
2022-06-13,131.8800048828125,0.9617151621595398,122207100,6,2022,164,6-2022
2022-06-14,132.75999450683594,1.0066726538629218,84784300,6,2022,165,6-2022
2022-06-15,135.42999267578125,1.0201114664011819,91533000,6,2022,166,6-2022
2022-06-16,130.05999755859375,0.9603485534401287,108123900,6,2022,167,6-2022
2022-06-17,131.55999755859375,1.0115331387679307,134520300,6,2022,168,6-2022
2022-06-21,135.8699951171875,1.0327606995939185,81000500,6,2022,172,6-2022
2022-06-22,135.35000610351562,0.9961728929685808,73409200,6,2022,173,6-2022
2022-06-23,138.27000427246094,1.0215736833193203,72433800,6,2022,174,6-2022
2022-06-24,141.66000366210938,1.024517243689155,89116800,6,2022,175,6-2022
2022-06-27,141.66000366210938,1,70207900,6,2022,178,6-2022
2022-06-28,137.44000244140625,0.9702103549935749,67083400,6,2022,179,6-2022
2022-06-29,139.22999572753906,1.0130238158784661,66242400,6,2022,180,6-2022
2022-06-30,136.72000122070312,0.9819723149906018,98964500,6,2022,181,6-2022
2022-07-01,138.92999267578125,1.0161643609958033,71051600,7,2022,182,7-2022
2022-07-05,141.55999755859375,1.0189304327464417,73353800,7,2022,186,7-2022
2022-07-06,142.9199981689453,1.0096072381591321,74064300,7,2022,187,7-2022
2022-07-07,146.35000610351562,1.0239994960713314,66253700,7,2022,188,7-2022
2022-07-08,147.0399932861328,1.0047146371974125,64547800,7,2022,189,7-2022
2022-07-11,144.8699951171875,0.9852421227691258,63141600,7,2022,192,7-2022
2022-07-12,145.86000061035156,1.0068337511322702,77588800,7,2022,193,7-2022
2022-07-13,145.49000549316406,0.9974633544793688,71185600,7,2022,194,7-2022
2022-07-14,148.47000122070312,1.0204824772494705,78140700,7,2022,195,7-2022
2022-07-15,150.1699981689453,1.0114501039554455,76259900,7,2022,196,7-2022
2022-07-18,147.07000732421875,0.9793567897547752,81420900,7,2022,199,7-2022
2022-07-19,151,1.0267219179986677,82982400,7,2022,200,7-2022
2022-07-20,153.0399932861328,1.013509889312138,64823400,7,2022,201,7-2022
2022-07-21,155.35000610351562,1.0150941774615991,65086600,7,2022,202,7-2022
2022-07-22,154.08999633789062,0.9918892197224285,66675400,7,2022,203,7-2022
2022-07-25,152.9499969482422,0.9926017300490512,53623900,7,2022,206,7-2022
2022-07-26,151.60000610351562,0.9911736458211019,55138700,7,2022,207,7-2022
2022-07-27,156.7899932861328,1.0342347425703489,78620700,7,2022,208,7-2022
2022-07-28,157.35000610351562,1.003571738257306,81378700,7,2022,209,7-2022
2022-07-29,162.50999450683594,1.0327930613483784,101786900,7,2022,210,7-2022
2022-08-01,161.50999450683594,0.9938465323130761,67829400,8,2022,213,8-2022
2022-08-02,160.00999450683594,0.9907126490556811,59907000,8,2022,214,8-2022
2022-08-03,166.1300048828125,1.038247675683253,82507500,8,2022,215,8-2022
2022-08-04,165.80999755859375,0.9980737535977051,55474100,8,2022,216,8-2022
2022-08-05,165.35000610351562,0.9972257917987389,56697000,8,2022,217,8-2022
2022-08-08,164.8699951171875,0.9970970004922309,60276900,8,2022,220,8-2022
2022-08-09,164.9199981689453,1.0003032877615012,63135500,8,2022,221,8-2022
2022-08-10,169.24000549316406,1.0261945632560177,70170500,8,2022,222,8-2022
2022-08-11,168.49000549316406,0.9955684236843735,57149200,8,2022,223,8-2022
2022-08-12,172.10000610351562,1.0214256068173613,68039400,8,2022,224,8-2022
2022-08-15,173.19000244140625,1.0063335055155955,54091700,8,2022,227,8-2022
2022-08-16,173.02999877929688,0.9990761379995736,56377100,8,2022,228,8-2022
2022-08-17,174.5500030517578,1.0087846285799247,79542000,8,2022,229,8-2022
2022-08-18,174.14999389648438,0.9977083405999436,62290100,8,2022,230,8-2022
2022-08-19,171.52000427246094,0.984898135422349,70346300,8,2022,231,8-2022
2022-08-22,167.57000732421875,0.9769706340377209,69026800,8,2022,234,8-2022
2022-08-23,167.22999572753906,0.9979709280789024,54147100,8,2022,235,8-2022
2022-08-24,167.52999877929688,1.0017939547893464,53841500,8,2022,236,8-2022
2022-08-25,170.02999877929688,1.0149227005206005,51218200,8,2022,237,8-2022
2022-08-26,163.6199951171875,0.9623007486435984,78961000,8,2022,238,8-2022
2022-08-29,161.3800048828125,0.9863098013615592,73314000,8,2022,241,8-2022
2022-08-30,158.91000366210938,0.9846945027514609,77906200,8,2022,242,8-2022
2022-08-31,157.22000122070312,0.989365034280663,87991100,8,2022,243,8-2022
2022-09-01,157.9600067138672,1.0047068152106502,74229900,9,2022,244,9-2022
2022-09-02,155.80999755859375,0.9863889018492635,76957800,9,2022,245,9-2022
2022-09-06,154.52999877929688,0.9917848738890102,73714800,9,2022,249,9-2022
2022-09-07,155.9600067138672,1.0092539179826998,87449600,9,2022,250,9-2022
2022-09-08,154.4600067138672,0.9903821496830788,84923800,9,2022,251,9-2022
2022-09-09,157.3699951171875,1.0188397531842077,68028800,9,2022,252,9-2022
2022-09-12,163.42999267578125,1.0385079605173853,104956000,9,2022,255,9-2022
2022-09-13,153.83999633789062,0.9413204627811761,122656600,9,2022,256,9-2022
2022-09-14,155.30999755859375,1.009555390377639,87965400,9,2022,257,9-2022
2022-09-15,152.3699951171875,0.9810701018117196,90481100,9,2022,258,9-2022
2022-09-16,150.6999969482422,0.9890398489042352,162278800,9,2022,259,9-2022
2022-09-19,154.47999572753906,1.025082938658553,81474200,9,2022,262,9-2022
2022-09-20,156.89999389648438,1.0156654468919946,107689800,9,2022,263,9-2022
2022-09-21,153.72000122070312,0.9797323594679088,101696800,9,2022,264,9-2022
2022-09-22,152.74000549316406,0.9936248001577099,86652500,9,2022,265,9-2022
2022-09-23,150.42999267578125,0.9848761769392093,96029900,9,2022,266,9-2022
2022-09-26,150.77000427246094,1.0022602646628622,93339400,9,2022,269,9-2022
2022-09-27,151.75999450683594,1.0065662280713739,84442700,9,2022,270,9-2022
2022-09-28,149.83999633789062,0.9873484565205435,146691400,9,2022,271,9-2022
2022-09-29,142.47999572753906,0.9508809343951484,128138200,9,2022,272,9-2022
2022-09-30,138.1999969482422,0.9699607039048386,124925300,9,2022,273,9-2022
2022-10-03,142.4499969482422,1.0307525332405882,114311700,10,2022,276,10-2022
2022-10-04,146.10000610351562,1.0256230904420423,87830100,10,2022,277,10-2022
2022-10-05,146.39999389648438,1.0020533044519944,79471000,10,2022,278,10-2022
2022-10-06,145.42999267578125,0.993374308325525,68402200,10,2022,279,10-2022
2022-10-07,140.08999633789062,0.9632813270520098,85925600,10,2022,280,10-2022
2022-10-10,140.4199981689453,1.0023556416566586,74899000,10,2022,283,10-2022
2022-10-11,138.97999572753906,0.989745033042418,77033700,10,2022,284,10-2022
2022-10-12,138.33999633789062,0.995395025116398,70433700,10,2022,285,10-2022
2022-10-13,142.99000549316406,1.0336129050048255,113224000,10,2022,286,10-2022
2022-10-14,138.3800048828125,0.9677599801856644,88598000,10,2022,287,10-2022
2022-10-17,142.41000366210938,1.0291226957442998,85250900,10,2022,290,10-2022
2022-10-18,143.75,1.009409425626236,99136600,10,2022,291,10-2022
2022-10-19,143.86000061035156,1.0007652216372283,61758300,10,2022,292,10-2022
2022-10-20,143.38999938964844,0.9967329263262265,64522000,10,2022,293,10-2022
2022-10-21,147.27000427246094,1.0270591038379808,86548600,10,2022,294,10-2022
2022-10-24,149.4499969482422,1.014802693097965,75981900,10,2022,297,10-2022
2022-10-25,152.33999633789062,1.0193375674048981,74732300,10,2022,298,10-2022
2022-10-26,149.35000610351562,0.9803729138358177,88194300,10,2022,299,10-2022
2022-10-27,144.8000030517578,0.9695346309620894,109180200,10,2022,300,10-2022
2022-10-28,155.74000549316406,1.0755525014560656,164762400,10,2022,301,10-2022
2022-10-31,153.33999633789062,0.9845896425412751,97943200,10,2022,304,10-2022
2022-11-01,150.64999389648438,0.9824572681254099,80379300,11,2022,305,11-2022
2022-11-02,145.02999877929688,0.9626950192839095,93604600,11,2022,306,11-2022
2022-11-03,138.8800048828125,0.957595022076479,97918500,11,2022,307,11-2022
2022-11-04,138.3800048828125,0.9963997697118322,140814800,11,2022,308,11-2022
2022-11-07,138.9199981689453,1.00390224936464,83374600,11,2022,311,11-2022
2022-11-08,139.5,1.0041750780211596,89908500,11,2022,312,11-2022
2022-11-09,134.8699951171875,0.9668100008400538,74917800,11,2022,313,11-2022
2022-11-10,146.8699951171875,1.0889745713238388,118854000,11,2022,314,11-2022
2022-11-11,149.6999969482422,1.0192687541713108,93979700,11,2022,315,11-2022
2022-11-14,148.27999877929688,0.9905143740955702,73374100,11,2022,318,11-2022
2022-11-15,150.0399932861328,1.0118693992536076,89868300,11,2022,319,11-2022
2022-11-16,148.7899932861328,0.9916688879236605,64218300,11,2022,320,11-2022
2022-11-17,150.72000122070312,1.0129713557474176,80389400,11,2022,321,11-2022
2022-11-18,151.2899932861328,1.0037817944586866,74829600,11,2022,322,11-2022
2022-11-21,148.00999450683594,0.9783197903043498,58724100,11,2022,325,11-2022
2022-11-22,150.17999267578125,1.0146611597154345,51804100,11,2022,326,11-2022
2022-11-23,151.07000732421875,1.00592631969532,58301400,11,2022,327,11-2022
2022-11-25,148.11000061035156,0.9804063906112445,35195900,11,2022,329,11-2022
2022-11-28,144.22000122070312,0.9737357411814327,69246000,11,2022,332,11-2022
2022-11-29,141.1699981689453,0.9788517332828869,83763800,11,2022,333,11-2022
2022-11-30,148.02999877929688,1.0485938988406152,111380900,11,2022,334,11-2022
2022-12-01,148.30999755859375,1.0018915002472866,71250400,12,2022,335,12-2022
2022-12-02,147.80999755859375,0.9966286831081468,65447400,12,2022,336,12-2022
2022-12-05,146.6300048828125,0.9920168277161802,68826400,12,2022,339,12-2022
2022-12-06,142.91000366210938,0.9746300136614183,64727200,12,2022,340,12-2022
2022-12-07,140.94000244140625,0.986215092224328,69721100,12,2022,341,12-2022
2022-12-08,142.64999389648438,1.0121327616394007,62128300,12,2022,342,12-2022
2022-12-09,142.16000366210938,0.9965650875896247,76097000,12,2022,343,12-2022
2022-12-12,144.49000549316406,1.0163899955756381,70462700,12,2022,346,12-2022
2022-12-13,145.47000122070312,1.006782446468835,93886200,12,2022,347,12-2022
2022-12-14,143.2100067138672,0.9844641885758485,82291200,12,2022,348,12-2022
2022-12-15,136.5,0.9531456853621009,98931900,12,2022,349,12-2022
2022-12-16,134.50999450683594,0.9854212051782852,160156900,12,2022,350,12-2022
2022-12-19,132.3699951171875,0.9840904060884511,79592600,12,2022,353,12-2022
2022-12-20,132.3000030517578,0.9994712391930836,77432800,12,2022,354,12-2022
2022-12-21,135.4499969482422,1.0238094771264068,85928000,12,2022,355,12-2022
2022-12-22,132.22999572753906,0.9762273806330646,77852100,12,2022,356,12-2022
2022-12-23,131.86000061035156,0.9972018821058584,63814900,12,2022,357,12-2022
2022-12-27,130.02999877929688,0.9861216303459427,69007800,12,2022,361,12-2022
2022-12-28,126.04000091552734,0.9693147896544869,85438400,12,2022,362,12-2022
2022-12-29,129.61000061035156,1.0283243388518923,75703700,12,2022,363,12-2022
2022-12-30,129.92999267578125,1.0024688840669918,77034200,12,2022,364,12-2022
2023-01-03,125.06999969482422,0.9625952955059088,112117500,1,2023,3,1-2023
2023-01-04,126.36000061035156,1.0103142313798272,89113600,1,2023,4,1-2023
2023-01-05,125.0199966430664,0.989395346938805,80962700,1,2023,5,1-2023
2023-01-06,129.6199951171875,1.0367941017248157,87754700,1,2023,6,1-2023
2023-01-09,130.14999389648438,1.0040888659100604,70790800,1,2023,9,1-2023
2023-01-10,130.72999572753906,1.0044564107434073,63896200,1,2023,10,1-2023
2023-01-11,133.49000549316406,1.0211122914084483,69458900,1,2023,11,1-2023
2023-01-12,133.41000366210938,0.9994006904804661,71379600,1,2023,12,1-2023
2023-01-13,134.75999450683594,1.010119112567793,57809700,1,2023,13,1-2023
2023-01-17,135.94000244140625,1.008756366745848,63646600,1,2023,17,1-2023
2023-01-18,135.2100067138672,0.9946300153418512,69672800,1,2023,18,1-2023
2023-01-19,135.27000427246094,1.0004437360817584,58280400,1,2023,19,1-2023
2023-01-20,137.8699951171875,1.0192207493354526,80223600,1,2023,20,1-2023
2023-01-23,141.11000061035156,1.023500439601888,81760300,1,2023,23,1-2023
2023-01-24,142.52999877929688,1.01006305834316,66435100,1,2023,24,1-2023
2023-01-25,141.86000061035156,0.9952992480552618,65799300,1,2023,25,1-2023
2023-01-26,143.9600067138672,1.0148033701852557,54105100,1,2023,26,1-2023
2023-01-27,145.92999267578125,1.01368425861378,70555800,1,2023,27,1-2023
2023-01-30,143,0.9799219295358225,64015300,1,2023,30,1-2023
2023-01-31,144.2899932861328,1.0090209320708587,65874500,1,2023,31,1-2023
2023-02-01,145.42999267578125,1.0079007515606975,77663600,2,2023,32,2-2023
2023-02-02,150.82000732421875,1.037062606889171,118339000,2,2023,33,2-2023
2023-02-03,154.5,1.0243998972090642,154357300,2,2023,34,2-2023
2023-02-06,151.72999572753906,0.9820711697575344,69858300,2,2023,37,2-2023
2023-02-07,154.64999389648438,1.0192446994738518,83322600,2,2023,38,2-2023
2023-02-08,151.9199981689453,0.9823472626234541,64120100,2,2023,39,2-2023
2023-02-09,150.8699951171875,0.993088447443304,56007100,2,2023,40,2-2023
2023-02-10,151.00999450683594,1.000927947200765,57450700,2,2023,41,2-2023
2023-02-13,153.85000610351562,1.01880677902118,62199000,2,2023,44,2-2023
2023-02-14,153.1999969482422,0.9957750462821816,61707600,2,2023,45,2-2023
2023-02-15,155.3300018310547,1.0139034264049764,65573800,2,2023,46,2-2023
2023-02-16,153.7100067138672,0.9895706232016305,68167900,2,2023,47,2-2023
2023-02-17,152.5500030517578,0.9924532976940874,59144100,2,2023,48,2-2023
2023-02-21,148.47999572753906,0.9733201753995517,58867200,2,2023,52,2-2023
2023-02-22,148.91000366210938,1.0028960664530149,51011300,2,2023,53,2-2023
2023-02-23,149.39999389648438,1.0032905125399556,48394200,2,2023,54,2-2023
2023-02-24,146.7100067138672,0.9819947303044669,55469600,2,2023,55,2-2023
2023-02-27,147.9199981689453,1.0082475045989059,44998500,2,2023,58,2-2023
2023-02-28,147.41000366210938,0.9965522274665427,50547000,2,2023,59,2-2023
2023-03-01,145.30999755859375,0.985753978350552,55479000,3,2023,60,3-2023
2023-03-02,145.91000366210938,1.004129145369187,52238100,3,2023,61,3-2023
2023-03-03,151.02999877929688,1.0350900897038158,70732300,3,2023,62,3-2023
2023-03-06,153.8300018310547,1.0185393833966025,87558000,3,2023,65,3-2023
2023-03-07,151.60000610351562,0.9855035058116415,56182000,3,2023,66,3-2023
2023-03-08,152.8699951171875,1.0083772359006682,47204800,3,2023,67,3-2023
2023-03-09,150.58999633789062,0.9850853741602525,53833600,3,2023,68,3-2023
2023-03-10,148.5,0.9861212803724283,68572400,3,2023,69,3-2023
2023-03-13,150.47000122070312,1.0132660014862163,84457100,3,2023,72,3-2023
2023-03-14,152.58999633789062,1.014089154648693,73695900,3,2023,73,3-2023
2023-03-15,152.99000549316406,1.0026214638237991,77167900,3,2023,74,3-2023
2023-03-16,155.85000610351562,1.0186940356079623,76161100,3,2023,75,3-2023
2023-03-17,155,0.9945459989077508,98944600,3,2023,76,3-2023
2023-03-20,157.39999389648438,1.0154838315902217,73641400,3,2023,79,3-2023
2023-03-21,159.27999877929688,1.0119441229714972,73938300,3,2023,80,3-2023
2023-03-22,157.8300018310547,0.9908965534947589,75701800,3,2023,81,3-2023
2023-03-23,158.92999267578125,1.0069694660835398,67622100,3,2023,82,3-2023
2023-03-24,160.25,1.008305589788276,59196500,3,2023,83,3-2023
2023-03-27,158.27999877929688,0.9877067006508385,52390300,3,2023,86,3-2023
2023-03-28,157.64999389648438,0.9960196810230523,45992200,3,2023,87,3-2023
2023-03-29,160.77000427246094,1.0197907421298424,51305700,3,2023,88,3-2023
2023-03-30,162.36000061035156,1.009889881791606,49501700,3,2023,89,3-2023
2023-03-31,164.89999389648438,1.015644205941022,68749800,3,2023,90,3-2023
2023-04-03,166.1699981689453,1.0077016635504437,56976200,4,2023,93,4-2023
2023-04-04,165.6300048828125,0.9967503563093032,46278300,4,2023,94,4-2023
2023-04-05,163.75999450683594,0.9887097124865772,51511700,4,2023,95,4-2023
2023-04-06,164.66000366210938,1.0054959036728344,45390100,4,2023,96,4-2023
2023-04-10,162.02999877929688,0.9840276641302074,47716900,4,2023,100,4-2023
2023-04-11,160.8000030517578,0.9924088394938863,47644200,4,2023,101,4-2023
2023-04-12,160.10000610351562,0.9956467852303655,50133100,4,2023,102,4-2023
2023-04-13,165.55999755859375,1.0341036305242104,68445600,4,2023,103,4-2023
2023-04-14,165.2100067138672,0.9978860180605964,49386500,4,2023,104,4-2023
2023-04-17,165.22999572753906,1.0001209915432452,41516200,4,2023,107,4-2023
2023-04-18,166.47000122070312,1.0075047238711354,49923000,4,2023,108,4-2023
2023-04-19,167.6300048828125,1.0069682444500705,47720200,4,2023,109,4-2023
2023-04-20,166.64999389648438,0.994153725718655,52456400,4,2023,110,4-2023
2023-04-21,165.02000427246094,0.9902190838060522,58337300,4,2023,111,4-2023
2023-04-24,165.3300018310547,1.0018785453312795,41949600,4,2023,114,4-2023
2023-04-25,163.77000427246094,0.9905643407650363,48714100,4,2023,115,4-2023
2023-04-26,163.75999450683594,0.9999388791270448,45498800,4,2023,116,4-2023
2023-04-27,168.41000366210938,1.0283952693652498,64902300,4,2023,117,4-2023
2023-04-28,169.67999267578125,1.0075410544864065,55209200,4,2023,118,4-2023
2023-05-01,169.58999633789062,0.9994696113756759,52472900,5,2023,121,5-2023
2023-05-02,168.5399932861328,0.993808579076411,48425700,5,2023,122,5-2023
2023-05-03,167.4499969482422,0.993532714006698,65136000,5,2023,123,5-2023
2023-05-04,165.7899932861328,0.9900865709623007,81235400,5,2023,124,5-2023
2023-05-05,173.57000732421875,1.0469269217271673,113316400,5,2023,125,5-2023
2023-05-08,173.5,0.999596662319153,55962800,5,2023,128,5-2023
2023-05-09,171.77000427246094,0.9900288430689391,45326900,5,2023,129,5-2023
2023-05-10,173.55999755859375,1.0104208723386507,53724500,5,2023,130,5-2023
2023-05-11,173.75,1.0010947363682816,49514700,5,2023,131,5-2023
2023-05-12,172.57000732421875,0.9932086752473022,45497800,5,2023,132,5-2023
2023-05-15,172.07000732421875,0.9971026251447007,37266700,5,2023,135,5-2023
2023-05-16,172.07000732421875,1,42110300,5,2023,136,5-2023
2023-05-17,172.69000244140625,1.0036031562201266,57951600,5,2023,137,5-2023
2023-05-18,175.0500030517578,1.0136661102379236,65496700,5,2023,138,5-2023
2023-05-19,175.16000366210938,1.0006283953638038,55772400,5,2023,139,5-2023
2023-05-22,174.1999969482422,0.9945192584277455,43570900,5,2023,142,5-2023
2023-05-23,171.55999755859375,0.9848450089787727,50747300,5,2023,143,5-2023
2023-05-24,171.83999633789062,1.001632074978325,45143500,5,2023,144,5-2023
2023-05-25,172.99000549316406,1.0066923253013353,56058300,5,2023,145,5-2023
2023-05-26,175.42999267578125,1.0141047870116033,54835000,5,2023,146,5-2023
2023-05-30,177.3000030517578,1.0106595819075965,55964400,5,2023,150,5-2023
2023-05-31,177.25,0.9997179748962373,99625300,5,2023,151,5-2023
2023-06-01,180.08999633789062,1.016022546335067,68901800,6,2023,152,6-2023
2023-06-02,180.9499969482422,1.004775393568991,61945900,6,2023,153,6-2023
2023-06-05,179.5800018310547,0.992428874604627,121946500,6,2023,156,6-2023
2023-06-06,179.2100067138672,0.9979396641418036,64848400,6,2023,157,6-2023
2023-06-07,177.82000732421875,0.9922437400950062,61944600,6,2023,158,6-2023
2023-06-08,180.57000732421875,1.0154650764072117,50214900,6,2023,159,6-2023
2023-06-09,180.9600067138672,1.0021598237460787,48870700,6,2023,160,6-2023
2023-06-12,183.7899932861328,1.0156387404247855,54274900,6,2023,163,6-2023
2023-06-13,183.30999755859375,0.9973883467812539,54929100,6,2023,164,6-2023
2023-06-14,183.9499969482422,1.0034913501618692,57462900,6,2023,165,6-2023
2023-06-15,186.00999450683594,1.0111986822113042,65433200,6,2023,166,6-2023
2023-06-16,184.9199981689453,0.9941401195092742,101235600,6,2023,167,6-2023
2023-06-20,185.00999450683594,1.0004866771511018,49799100,6,2023,171,6-2023
2023-06-21,183.9600067138672,0.9943246969129014,49515700,6,2023,172,6-2023
2023-06-22,187,1.0165252944943692,51245300,6,2023,173,6-2023
2023-06-23,186.67999267578125,0.9982887308865307,53079300,6,2023,174,6-2023
2023-06-26,185.27000427246094,0.9924470298980077,48088700,6,2023,177,6-2023
2023-06-27,188.05999755859375,1.015059066345299,50730800,6,2023,178,6-2023
2023-06-28,189.25,1.0063277807979099,51216800,6,2023,179,6-2023
2023-06-29,189.58999633789062,1.001796546039052,46347300,6,2023,180,6-2023
2023-06-30,193.97000122070312,1.0231025105090796,85069600,6,2023,181,6-2023
2023-07-03,192.4600067138672,0.9922153193930342,31458200,7,2023,184,7-2023
2023-07-05,191.3300018310547,0.9941286249434019,46920300,7,2023,186,7-2023
2023-07-06,191.80999755859375,1.002508732153585,45094300,7,2023,187,7-2023
2023-07-07,190.67999267578125,0.9941087279224468,46778000,7,2023,188,7-2023
2023-07-10,188.61000061035156,0.9891441569910832,59922200,7,2023,191,7-2023
2023-07-11,188.0800018310547,0.9971899751997149,46638100,7,2023,192,7-2023
2023-07-12,189.77000427246094,1.0089855509621077,60750200,7,2023,193,7-2023
2023-07-13,190.5399932861328,1.00405748535773,41342300,7,2023,194,7-2023
2023-07-14,190.69000244140625,1.0007872843526775,41573900,7,2023,195,7-2023
2023-07-17,193.99000549316406,1.0173055902748327,50520200,7,2023,198,7-2023
2023-07-18,193.72999572753906,0.9986596744251643,48353800,7,2023,199,7-2023
2023-07-19,195.10000610351562,1.0070717514385503,80507300,7,2023,200,7-2023
2023-07-20,193.1300048828125,0.9899026081031598,59581200,7,2023,201,7-2023
2023-07-21,191.94000244140625,0.9938383347417802,71917800,7,2023,202,7-2023
2023-07-24,192.75,1.004220055998181,45377800,7,2023,205,7-2023
2023-07-25,193.6199951171875,1.0045135933446823,37283200,7,2023,206,7-2023
2023-07-26,194.5,1.0045450103553606,47471900,7,2023,207,7-2023
2023-07-27,193.22000122070312,0.9934190294123554,47460200,7,2023,208,7-2023
2023-07-28,195.8300018310547,1.0135079215084484,48291400,7,2023,209,7-2023
2023-07-31,196.4499969482422,1.0031659863728255,38824100,7,2023,212,7-2023
2023-08-01,195.61000061035156,0.9957241214001549,35175100,8,2023,213,8-2023
2023-08-02,192.5800018310547,0.9845100006653927,50389300,8,2023,214,8-2023
2023-08-03,191.1699981689453,0.992678348485289,61235200,8,2023,215,8-2023
2023-08-04,181.99000549316406,0.9519799510189434,115799700,8,2023,216,8-2023
2023-08-07,178.85000610351562,0.9827463086165664,97576100,8,2023,219,8-2023
2023-08-08,179.8000030517578,1.005311696482092,67823000,8,2023,220,8-2023
2023-08-09,178.19000244140625,0.9910456029865132,60378500,8,2023,221,8-2023
2023-08-10,177.97000122070312,0.9987653559813185,54686900,8,2023,222,8-2023
2023-08-11,177.7899932861328,0.9989885490063739,51988100,8,2023,223,8-2023
2023-08-14,179.4600067138672,1.0093931801046119,43675600,8,2023,226,8-2023
2023-08-15,177.4499969482422,0.9887996785332245,43622600,8,2023,227,8-2023
2023-08-16,176.57000732421875,0.9950409149667097,46964900,8,2023,228,8-2023
2023-08-17,174,0.9854448251820045,66062900,8,2023,229,8-2023
2023-08-18,174.49000549316406,1.0028161235239315,61114200,8,2023,230,8-2023
2023-08-21,175.83999633789062,1.007736780344015,46311900,8,2023,233,8-2023
2023-08-22,177.22999572753906,1.0079049102513482,42084200,8,2023,234,8-2023
2023-08-23,181.1199951171875,1.0219488770717382,52722800,8,2023,235,8-2023
2023-08-24,176.3800048828125,0.9738295585128072,54945800,8,2023,236,8-2023
2023-08-25,178.61000061035156,1.0126431322474487,51449600,8,2023,237,8-2023
2023-08-28,180.19000244140625,1.0088460994661859,43820700,8,2023,240,8-2023
2023-08-29,184.1199951171875,1.0218102703953245,53003900,8,2023,241,8-2023
2023-08-30,187.64999389648438,1.0191722728270232,60813900,8,2023,242,8-2023
2023-08-31,187.8699951171875,1.0011724019603458,60794500,8,2023,243,8-2023
2023-09-01,189.4600067138672,1.0084633610369123,45732600,9,2023,244,9-2023
2023-09-05,189.6999969482422,1.0012667065653462,45280000,9,2023,248,9-2023
2023-09-06,182.91000366210938,0.9642066768826285,81755800,9,2023,249,9-2023
2023-09-07,177.55999755859375,0.970750609609091,112488800,9,2023,250,9-2023
2023-09-08,178.17999267578125,1.003491749975852,65551300,9,2023,251,9-2023
2023-09-11,179.36000061035156,1.0066225613597228,58953100,9,2023,254,9-2023
2023-09-12,176.3000030517578,0.9829393535449333,90370200,9,2023,255,9-2023
2023-09-13,174.2100067138672,0.9881452280107048,84267900,9,2023,256,9-2023
2023-09-14,175.74000549316406,1.0087824965290877,60895800,9,2023,257,9-2023
2023-09-15,175.00999450683594,0.9958460739529422,109205100,9,2023,258,9-2023
2023-09-18,177.97000122070312,1.0169133581325356,67257600,9,2023,261,9-2023
2023-09-19,179.07000732421875,1.0061808512444268,51826900,9,2023,262,9-2023
2023-09-20,175.49000549316406,0.9800078087640168,58436200,9,2023,263,9-2023
2023-09-21,173.92999267578125,0.9911105318334292,63047900,9,2023,264,9-2023
2023-09-22,174.7899932861328,1.0049445216268977,56725400,9,2023,265,9-2023
2023-09-25,176.0800018310547,1.0073803340836,46172700,9,2023,268,9-2023
2023-09-26,171.9600067138672,0.9766015727263534,64588900,9,2023,269,9-2023
2023-09-27,170.42999267578125,0.991102500707436,66921800,9,2023,270,9-2023
2023-09-28,170.69000244140625,1.001525610378448,56294400,9,2023,271,9-2023
2023-09-29,171.2100067138672,1.0030464834789574,51814200,9,2023,272,9-2023
2023-10-02,173.75,1.014835542237772,52164500,10,2023,275,10-2023
2023-10-03,172.39999389648438,0.9922301806991907,49594600,10,2023,276,10-2023
2023-10-04,173.66000366210938,1.0073086415906811,53020300,10,2023,277,10-2023
2023-10-05,174.91000366210938,1.0071979728989995,48527900,10,2023,278,10-2023
2023-10-06,177.49000549316406,1.014750453244737,57224100,10,2023,279,10-2023
2023-10-09,178.99000549316406,1.0084511800866318,42390800,10,2023,282,10-2023
2023-10-10,178.38999938964844,0.9966478234253222,43698000,10,2023,283,10-2023
2023-10-11,179.8000030517578,1.0079040510506958,47551100,10,2023,284,10-2023
2023-10-12,180.7100067138672,1.005061199369654,56743100,10,2023,285,10-2023
2023-10-13,178.85000610351562,0.9897072627898429,51427100,10,2023,286,10-2023
2023-10-16,178.72000122070312,0.9992731066347448,52517000,10,2023,289,10-2023
2023-10-17,177.14999389648438,0.9912152679414995,57549400,10,2023,290,10-2023
2023-10-18,175.83999633789062,0.9926051504164362,54764400,10,2023,291,10-2023
2023-10-19,175.4600067138672,0.9978390034580457,59302900,10,2023,292,10-2023
2023-10-20,172.8800048828125,0.9852957840400517,64189300,10,2023,293,10-2023
2023-10-23,173,1.0006940948276166,55980100,10,2023,296,10-2023
2023-10-24,173.44000244140625,1.002543366713331,43816600,10,2023,297,10-2023
2023-10-25,171.10000610351562,0.9865083238875002,57157000,10,2023,298,10-2023
2023-10-26,166.88999938964844,0.9753944677750618,70625300,10,2023,299,10-2023
2023-10-27,168.22000122070312,1.0079693321104846,58499100,10,2023,300,10-2023
2023-10-30,170.2899932861328,1.0123052672120354,51131000,10,2023,303,10-2023
2023-10-31,170.77000427246094,1.0028187856318813,44846000,10,2023,304,10-2023
2023-11-01,173.97000122070312,1.0187386359909942,56934900,11,2023,305,11-2023
2023-11-02,177.57000732421875,1.020693257908003,77334800,11,2023,306,11-2023
2023-11-03,176.64999389648438,0.9948188692358696,79763700,11,2023,307,11-2023
2023-11-06,179.22999572753906,1.0146051622994483,63841300,11,2023,310,11-2023
2023-11-07,181.82000732421875,1.0144507708442785,70530000,11,2023,311,11-2023
2023-11-08,182.88999938964844,1.0058848972738281,49340300,11,2023,312,11-2023
2023-11-09,182.41000366210938,0.9973754949470123,53763500,11,2023,313,11-2023
2023-11-10,186.39999389648438,1.0218737468026475,66133400,11,2023,314,11-2023
2023-11-13,184.8000030517578,0.991416357848085,43627500,11,2023,317,11-2023
2023-11-14,187.44000244140625,1.0142857107470342,60108400,11,2023,318,11-2023
2023-11-15,188.00999450683594,1.0030409307405332,53790500,11,2023,319,11-2023
2023-11-16,189.7100067138672,1.009042137421952,54412900,11,2023,320,11-2023
2023-11-17,189.69000244140625,0.9998945534144063,50922700,11,2023,321,11-2023
2023-11-20,191.4499969482422,1.009278267089377,46505100,11,2023,324,11-2023
2023-11-21,190.63999938964844,0.9957691430059791,38134500,11,2023,325,11-2023
2023-11-22,191.30999755859375,1.0035144679557826,39617700,11,2023,326,11-2023
2023-11-24,189.97000122070312,0.9929956805447127,24048300,11,2023,328,11-2023
2023-11-27,189.7899932861328,0.9990524402094351,40552600,11,2023,331,11-2023
2023-11-28,190.39999389648438,1.0032140820482138,38415400,11,2023,332,11-2023
2023-11-29,189.3699951171875,0.9945903423722962,43014200,11,2023,333,11-2023
2023-11-30,189.9499969482422,1.0030627968844577,48794400,11,2023,334,11-2023
2023-12-01,191.24000549316406,1.0067913059523417,45679300,12,2023,335,12-2023
2023-12-04,189.42999267578125,0.9905353860834964,43389500,12,2023,338,12-2023
2023-12-05,193.4199981689453,1.0210632193814901,66628400,12,2023,339,12-2023
2023-12-06,192.32000732421875,0.9943129414996388,41089700,12,2023,340,12-2023
2023-12-07,194.27000427246094,1.0101393348272643,47477700,12,2023,341,12-2023
2023-12-08,195.7100067138672,1.0074123766394047,53377300,12,2023,342,12-2023
2023-12-11,193.17999267578125,0.9870726383358369,60943700,12,2023,345,12-2023
2023-12-12,194.7100067138672,1.007920147510585,52696900,12,2023,346,12-2023
2023-12-13,197.9600067138672,1.016691489332523,70404200,12,2023,347,12-2023
2023-12-14,198.11000061035156,1.0007576979763453,66831600,12,2023,348,12-2023
2023-12-15,197.57000732421875,0.9972742754809492,128256700,12,2023,349,12-2023
2023-12-18,195.88999938964844,0.9914966448737669,55751900,12,2023,352,12-2023
2023-12-19,196.94000244140625,1.0053601667008494,40714100,12,2023,353,12-2023
2023-12-20,194.8300018310547,0.9892860740114019,52242800,12,2023,354,12-2023
2023-12-21,194.67999267578125,0.999230051050333,46482500,12,2023,355,12-2023
2023-12-22,193.60000610351562,0.9944525035293985,37122800,12,2023,356,12-2023
2023-12-26,193.0500030517578,0.9971590752354432,28919300,12,2023,360,12-2023
2023-12-27,193.14999389648438,1.0005179530854489,48087700,12,2023,361,12-2023
2023-12-28,193.5800018310547,1.0022262901794383,34049900,12,2023,362,12-2023
2023-12-29,192.52999877929688,0.9945758702250959,42628800,12,2023,363,12-2023
2024-01-02,185.63999938964844,0.9642133722883016,82488700,1,2024,2,1-2024
2024-01-03,184.25,0.9925123928344187,58414500,1,2024,3,1-2024
2024-01-04,181.91000366210938,0.9872998841905529,71983600,1,2024,4,1-2024
2024-01-05,181.17999267578125,0.995986966238074,62303300,1,2024,5,1-2024
2024-01-08,185.55999755859375,1.0241748816639509,59144500,1,2024,8,1-2024
2024-01-09,185.13999938964844,0.9977365909976762,42841800,1,2024,9,1-2024
2024-01-10,186.19000244140625,1.0056714003198626,46792900,1,2024,10,1-2024
2024-01-11,185.58999633789062,0.9967774526255542,49128400,1,2024,11,1-2024
2024-01-12,185.9199981689453,1.0017781229460982,40444700,1,2024,12,1-2024
2024-01-16,183.6300048828125,0.9876829103448468,65603000,1,2024,16,1-2024
2024-01-17,182.67999267578125,0.9948264870567448,47317400,1,2024,17,1-2024
2024-01-18,188.6300048828125,1.0325706834113535,78005800,1,2024,18,1-2024
2024-01-19,191.55999755859375,1.0155330148965511,68741000,1,2024,19,1-2024
2024-01-22,193.88999938964844,1.0121633005885897,60133900,1,2024,22,1-2024
2024-01-23,195.17999267578125,1.0066532223951397,42355600,1,2024,23,1-2024
2024-01-24,194.5,0.9965160738738688,53631300,1,2024,24,1-2024
2024-01-25,194.1699981689453,0.9983033324881507,54822100,1,2024,25,1-2024
2024-01-26,192.4199981689453,0.9909872791033487,44594000,1,2024,26,1-2024
2024-01-29,191.72999572753906,0.9964140814469792,47145600,1,2024,29,1-2024
2024-01-30,188.0399932861328,0.9807541724110296,55859400,1,2024,30,1-2024
2024-01-31,184.39999389648438,0.9806424190618344,55467800,1,2024,31,1-2024
2024-02-01,186.86000061035156,1.0133406008421462,64885400,2,2024,32,2-2024
2024-02-02,185.85000610351562,0.9945949132851497,102518000,2,2024,33,2-2024
2024-02-05,187.67999267578125,1.0098465779508576,69668800,2,2024,36,2-2024
2024-02-06,189.3000030517578,1.00863176917731,43490800,2,2024,37,2-2024
2024-02-07,189.41000366210938,1.0005810914346445,53439000,2,2024,38,2-2024
2024-02-08,188.32000732421875,0.9942453074451385,40962000,2,2024,39,2-2024
2024-02-09,188.85000610351562,1.0028143519471322,45155200,2,2024,40,2-2024
2024-02-12,187.14999389648438,0.990998082329426,41781900,2,2024,43,2-2024
2024-02-13,185.0399932861328,0.9887256175305107,56529500,2,2024,44,2-2024
2024-02-14,184.14999389648438,0.9951902322636156,54630500,2,2024,45,2-2024
2024-02-15,183.86000061035156,0.9984252332568861,65434500,2,2024,46,2-2024
2024-02-16,182.30999755859375,0.9915696560066771,49701400,2,2024,47,2-2024
2024-02-20,181.55999755859375,0.995886127968605,53665600,2,2024,51,2-2024
2024-02-21,182.32000732421875,1.0041859978841414,41529700,2,2024,52,2-2024
2024-02-22,184.3699951171875,1.0112438992464676,52292200,2,2024,53,2-2024
2024-02-23,182.52000427246094,0.9899658789731448,45119700,2,2024,54,2-2024
2024-02-26,181.16000366210938,0.9925487586099253,40867400,2,2024,57,2-2024
2024-02-27,182.6300048828125,1.0081143806082324,54318900,2,2024,58,2-2024
2024-02-28,181.4199981689453,0.9933745459041979,48953900,2,2024,59,2-2024
2024-02-29,180.75,0.9963069221932117,136682600,2,2024,60,2-2024
2024-03-01,179.66000366210938,0.9939695914916148,73488000,3,2024,61,3-2024
2024-03-04,175.10000610351562,0.9746187383633264,81510100,3,2024,64,3-2024
2024-03-05,170.1199951171875,0.971559047328736,95132400,3,2024,65,3-2024
2024-03-06,169.1199951171875,0.9941217962103094,68587700,3,2024,66,3-2024
2024-03-07,169,0.9992904735060786,71765100,3,2024,67,3-2024
2024-03-08,170.72999572753906,1.0102366611096987,76114600,3,2024,68,3-2024
2024-03-11,172.75,1.011831572207643,60139500,3,2024,71,3-2024
2024-03-12,173.22999572753906,1.0027785570335113,59825400,3,2024,72,3-2024
2024-03-13,171.1300048828125,0.9878774409945176,52488700,3,2024,73,3-2024
2024-03-14,173,1.0109273363164342,72913500,3,2024,74,3-2024
2024-03-15,172.6199951171875,0.9978034399837428,121664700,3,2024,75,3-2024
2024-03-18,173.72000122070312,1.006372414173508,75604200,3,2024,78,3-2024
2024-03-19,176.0800018310547,1.0135850828561375,55215200,3,2024,79,3-2024
2024-03-20,178.6699981689453,1.014709202129471,53423100,3,2024,80,3-2024
2024-03-21,171.3699951171875,0.9591425358114397,106181300,3,2024,81,3-2024
2024-03-22,172.27999877929688,1.0053101691546824,71106600,3,2024,82,3-2024
2024-03-25,170.85000610351562,0.9916996013123196,54288300,3,2024,85,3-2024
2024-03-26,169.7100067138672,0.9933274840566425,57388400,3,2024,86,3-2024
2024-03-27,173.30999755859375,1.0212126020995107,60273300,3,2024,87,3-2024
2024-03-28,171.47999572753906,0.9894408755592072,65672700,3,2024,88,3-2024
2024-04-01,170.02999877929688,0.991544220991549,46240500,4,2024,92,4-2024
2024-04-02,168.83999633789062,0.9930012206672371,49329500,4,2024,93,4-2024
2024-04-03,169.64999389648438,1.0047974270087803,47691700,4,2024,94,4-2024
2024-04-04,168.82000732421875,0.9951076533915347,53704400,4,2024,95,4-2024
2024-04-05,169.5800018310547,1.0045018035414273,42055200,4,2024,96,4-2024
2024-04-08,168.4499969482422,0.9933364496366838,37425500,4,2024,99,4-2024
2024-04-09,169.6699981689453,1.0072425125723095,42451200,4,2024,100,4-2024
2024-04-10,167.77999877929688,0.9888607331287497,49709300,4,2024,101,4-2024
2024-04-11,175.0399932861328,1.043270917628185,91070300,4,2024,102,4-2024
2024-04-12,176.5500030517578,1.0086266557560741,101593300,4,2024,103,4-2024
2024-04-15,172.69000244140625,0.9781365021601277,73531800,4,2024,106,4-2024
2024-04-16,169.3800048828125,0.9808327204134656,73711200,4,2024,107,4-2024
2024-04-17,168,0.9918526104437931,50901200,4,2024,108,4-2024
2024-04-18,167.0399932861328,0.9942856743222191,43122900,4,2024,109,4-2024
2024-04-19,165,0.9877873960241462,67772100,4,2024,110,4-2024
2024-04-22,165.83999633789062,1.0050908868963069,48116400,4,2024,113,4-2024
2024-04-23,166.89999389648438,1.0063916882658033,49537800,4,2024,114,4-2024
2024-04-24,169.02000427246094,1.0127022795296892,48251800,4,2024,115,4-2024
2024-04-25,169.88999938964844,1.0051472908247303,50558300,4,2024,116,4-2024
2024-04-26,169.3000030517578,0.9965271861792321,44838400,4,2024,117,4-2024
2024-04-29,173.5,1.0248080146044545,68169400,4,2024,120,4-2024
2024-04-30,170.3300018310547,0.9817291171818714,65934800,4,2024,121,4-2024
2024-05-01,169.3000030517578,0.9939529221615432,50383100,5,2024,122,5-2024
2024-05-02,173.02999877929688,1.022031870409351,94214900,5,2024,123,5-2024
2024-05-03,183.3800048828125,1.059816252537326,163224100,5,2024,124,5-2024
2024-05-06,181.7100067138672,0.9908932374060492,78569700,5,2024,127,5-2024
2024-05-07,182.39999389648438,1.0037971886914498,77305800,5,2024,128,5-2024
2024-05-08,182.74000549316406,1.001864098728384,45057100,5,2024,129,5-2024
2024-05-09,184.57000732421875,1.0100142375836973,48983000,5,2024,130,5-2024
2024-05-10,183.0500030517578,0.9917646193198071,50759500,5,2024,131,5-2024
2024-05-13,186.27999877929688,1.0176454284276946,72044800,5,2024,134,5-2024
2024-05-14,187.42999267578125,1.0061734695298494,52393600,5,2024,135,5-2024
2024-05-15,189.72000122070312,1.0122179407480592,70400000,5,2024,136,5-2024
2024-05-16,189.83999633789062,1.000632485327933,52845200,5,2024,137,5-2024
2024-05-17,189.8699951171875,1.0001580213857753,41282900,5,2024,138,5-2024
2024-05-20,191.0399932861328,1.0061621014327367,44361300,5,2024,141,5-2024
2024-05-21,192.35000610351562,1.0068572700137228,42309400,5,2024,142,5-2024
2024-05-22,190.89999389648438,0.9924615952117469,34648500,5,2024,143,5-2024
2024-05-23,186.8800048828125,0.9789419112509155,51005900,5,2024,144,5-2024
2024-05-24,189.97999572753906,1.016588135507972,36294600,5,2024,145,5-2024
2024-05-28,189.99000549316406,1.0000526885243188,52280100,5,2024,149,5-2024
2024-05-29,190.2899932861328,1.001578966178721,53068000,5,2024,150,5-2024
2024-05-30,191.2899932861328,1.0052551370817295,49947900,5,2024,151,5-2024
2024-05-31,192.25,1.0050185934840365,75158300,5,2024,152,5-2024
2024-06-03,194.02999877929688,1.0092587712837289,50080500,6,2024,155,6-2024
2024-06-04,194.35000610351562,1.0016492672588364,47471400,6,2024,156,6-2024
2024-06-05,195.8699951171875,1.00782088482602,54156800,6,2024,157,6-2024
2024-06-06,194.47999572753906,0.9929034593133226,41181800,6,2024,158,6-2024
2024-06-07,196.88999938964844,1.0123920388474592,53103900,6,2024,159,6-2024
2024-06-10,193.1199951171875,0.9808522307676987,97262100,6,2024,162,6-2024
2024-06-11,207.14999389648438,1.0726491255904564,172373300,6,2024,163,6-2024
2024-06-12,213.07000732421875,1.0285783905486992,198134300,6,2024,164,6-2024
2024-06-13,214.24000549316406,1.0054911443597268,97862700,6,2024,165,6-2024
2024-06-14,212.49000549316406,0.9918315909487977,70122700,6,2024,166,6-2024
2024-06-17,216.6699981689453,1.0196714789765287,93728300,6,2024,169,6-2024
2024-06-18,214.2899932861328,0.9890155309783281,79943300,6,2024,170,6-2024
2024-06-20,209.67999267578125,0.9784870934024623,86172500,6,2024,172,6-2024
2024-06-21,207.49000549316406,0.9895555739263905,246421400,6,2024,173,6-2024
2024-06-24,208.13999938964844,1.003132651594179,80727000,6,2024,176,6-2024
2024-06-25,209.07000732421875,1.0044681845743129,56713900,6,2024,177,6-2024
2024-06-26,213.25,1.0199932679454067,66213200,6,2024,178,6-2024
2024-06-27,214.10000610351562,1.003985960626099,49772700,6,2024,179,6-2024
2024-06-28,210.6199951171875,0.9837458622740741,82542700,6,2024,180,6-2024
2024-07-01,216.75,1.0291045723337038,60402900,7,2024,183,7-2024
2024-07-02,220.27000427246094,1.0162399274392662,58046200,7,2024,184,7-2024
2024-07-03,221.5500030517578,1.0058110444203452,37369800,7,2024,185,7-2024
2024-07-05,226.33999633789062,1.0216203711133047,60412400,7,2024,187,7-2024
2024-07-08,227.82000732421875,1.0065388840252463,59085900,7,2024,190,7-2024
2024-07-09,228.67999267578125,1.003774845597027,48076100,7,2024,191,7-2024
2024-07-10,232.97999572753906,1.0188035822524024,62627700,7,2024,192,7-2024
2024-07-11,227.57000732421875,0.9767791720210731,64710600,7,2024,193,7-2024
2024-07-12,230.5399932861328,1.0130508672774383,53046500,7,2024,194,7-2024
2024-07-15,234.39999389648438,1.0167433014781118,62631300,7,2024,197,7-2024
2024-07-16,234.82000732421875,1.0017918662059346,43234300,7,2024,198,7-2024
2024-07-17,228.8800048828125,0.9747040190097396,57345900,7,2024,199,7-2024
2024-07-18,224.17999267578125,0.9794651690546857,66034600,7,2024,200,7-2024
2024-07-19,224.30999755859375,1.0005799129586044,49151500,7,2024,201,7-2024
2024-07-22,223.9600067138672,0.9984397001982261,48201800,7,2024,204,7-2024
2024-07-23,225.00999450683594,1.0046882825571184,39960300,7,2024,205,7-2024
2024-07-24,218.5399932861328,0.9712457162852535,61777600,7,2024,206,7-2024
2024-07-25,217.49000549316406,0.9951954432816605,51391200,7,2024,207,7-2024
2024-07-26,217.9600067138672,1.0021610244555257,41601300,7,2024,208,7-2024
2024-07-29,218.24000549316406,1.001284633743219,36311800,7,2024,211,7-2024
2024-07-30,218.8000030517578,1.0025659711533104,41643800,7,2024,212,7-2024
2024-07-31,222.0800018310547,1.0149908534440055,50036300,7,2024,213,7-2024
2024-08-01,218.36000061035156,0.983249274180333,62501000,8,2024,214,8-2024
2024-08-02,219.86000061035156,1.0068693899789671,105568600,8,2024,215,8-2024
2024-08-05,209.27000427246094,0.9518330014168479,119548600,8,2024,218,8-2024
2024-08-06,207.22999572753906,0.9902517871492664,69660500,8,2024,219,8-2024
2024-08-07,209.82000732421875,1.0124982466345507,63516400,8,2024,220,8-2024
2024-08-08,213.30999755859375,1.016633257613904,47161100,8,2024,221,8-2024
2024-08-09,216.24000549316406,1.0137359147161655,42201600,8,2024,222,8-2024
2024-08-12,217.52999877929688,1.0059655625849195,38028100,8,2024,225,8-2024
2024-08-13,221.27000427246094,1.0171930561952451,44155300,8,2024,226,8-2024
2024-08-14,221.72000122070312,1.0020337006352116,41960600,8,2024,227,8-2024
2024-08-15,224.72000122070312,1.013530579034292,46414000,8,2024,228,8-2024
2024-08-16,226.0500030517578,1.0059184844421056,44340200,8,2024,229,8-2024
2024-08-19,225.88999938964844,0.9992921758020382,40687800,8,2024,232,8-2024
2024-08-20,226.50999450683594,1.0027446771387079,30299000,8,2024,233,8-2024
2024-08-21,226.39999389648438,0.9995143675201129,34765500,8,2024,234,8-2024
2024-08-22,224.52999877929688,0.9917403040300323,43695300,8,2024,235,8-2024
2024-08-23,226.83999633789062,1.010288146667049,38677300,8,2024,236,8-2024
2024-08-26,227.17999267578125,1.0014988376978466,30602200,8,2024,239,8-2024
2024-08-27,228.02999877929688,1.0037415535298864,35934600,8,2024,240,8-2024
2024-08-28,226.49000549316406,0.9932465320599184,38052200,8,2024,241,8-2024
2024-08-29,229.7899932861328,1.0145701254489499,51906300,8,2024,242,8-2024
2024-08-30,229,0.9965621075363839,52990800,8,2024,243,8-2024
2024-09-03,222.77000427246094,0.9727947784823622,50190600,9,2024,247,9-2024
2024-09-04,220.85000610351562,0.9913812536152891,43840200,9,2024,248,9-2024
2024-09-05,222.3800048828125,1.00692777331679,36615400,9,2024,249,9-2024
2024-09-06,220.82000732421875,0.9929849917962911,48423000,9,2024,250,9-2024
2024-09-09,220.91000366210938,1.0004075551802627,67180000,9,2024,253,9-2024
2024-09-10,220.11000061035156,0.9963786019714098,51591000,9,2024,254,9-2024
2024-09-11,222.66000366210938,1.011585130365212,44587100,9,2024,255,9-2024
2024-09-12,222.77000427246094,1.000494029500325,37498200,9,2024,256,9-2024
2024-09-13,222.5,0.9987879684549869,36766600,9,2024,257,9-2024
2024-09-16,216.32000732421875,0.9722247520189606,59357400,9,2024,260,9-2024
2024-09-17,216.7899932861328,1.002172642132032,45519300,9,2024,261,9-2024
2024-09-18,220.69000244140625,1.017989802463465,59894900,9,2024,262,9-2024
2024-09-19,228.8699951171875,1.0370655334871957,66781300,9,2024,263,9-2024
2024-09-20,228.1999969482422,0.9970725818882363,318679900,9,2024,264,9-2024
2024-09-23,226.47000122070312,0.9924189493835469,54146000,9,2024,267,9-2024
2024-09-24,227.3699951171875,1.0039740093241192,43556100,9,2024,268,9-2024
2024-09-25,226.3699951171875,0.9956018822998849,42308700,9,2024,269,9-2024
2024-09-26,227.52000427246094,1.0050802190223052,36636700,9,2024,270,9-2024
2024-09-27,227.7899932861328,1.0011866605511688,34026000,9,2024,271,9-2024
2024-09-30,233,1.0228719736047525,54541900,9,2024,274,9-2024
2024-10-01,226.2100067138672,0.9708583979135931,63285000,10,2024,275,10-2024
2024-10-02,226.77999877929688,1.002519747352073,32880600,10,2024,276,10-2024
2024-10-03,225.6699981689453,0.9951053857645011,34044200,10,2024,277,10-2024
2024-10-04,226.8000030517578,1.0050073332387166,37245100,10,2024,278,10-2024
2024-10-07,221.69000244140625,0.9774691334144938,39505400,10,2024,281,10-2024
2024-10-08,225.77000427246094,1.0184040858230992,31855700,10,2024,282,10-2024
2024-10-09,229.5399932861328,1.016698360908574,33591100,10,2024,283,10-2024
2024-10-10,229.0399932861328,0.9978217303536437,28183500,10,2024,284,10-2024
2024-10-11,227.5500030517578,0.9934946285450087,31759200,10,2024,285,10-2024
2024-10-14,231.3000030517578,1.016479894307657,39882100,10,2024,288,10-2024
2024-10-15,233.85000610351562,1.0110246563688423,64751400,10,2024,289,10-2024
2024-10-16,231.77999877929688,0.9911481408159449,34082200,10,2024,290,10-2024
2024-10-17,232.14999389648438,1.0015963203000091,32993800,10,2024,291,10-2024
2024-10-18,235,1.0122765719510913,46431500,10,2024,292,10-2024
2024-10-21,236.47999572753906,1.0062978541597407,36254500,10,2024,295,10-2024
2024-10-22,235.86000061035156,0.9973782344029564,38846600,10,2024,296,10-2024
2024-10-23,230.75999450683594,0.9783769774852964,52287000,10,2024,297,10-2024
2024-10-24,230.57000732421875,0.9991766892566313,31109500,10,2024,298,10-2024
2024-10-25,231.41000366210938,1.003643129250152,38802300,10,2024,299,10-2024
2024-10-28,233.39999389648438,1.0085994131752432,36087100,10,2024,302,10-2024
2024-10-29,233.6699981689453,1.0011568306749001,35417200,10,2024,303,10-2024
2024-10-30,230.10000610351562,0.9847220777446638,47070900,10,2024,304,10-2024
2024-10-31,225.91000366210938,0.9817905157311413,64370100,10,2024,305,10-2024
2024-11-01,222.91000366210938,0.9867203755859919,65276700,11,2024,306,11-2024
2024-11-04,222.00999450683594,0.9959624550693665,44944500,11,2024,309,11-2024
2024-11-05,223.4499969482422,1.0064862054728887,28111300,11,2024,310,11-2024
2024-11-06,222.72000122070312,0.9967330689751221,54561100,11,2024,311,11-2024
2024-11-07,227.47999572753906,1.0213721016556525,42137700,11,2024,312,11-2024
2024-11-08,226.9600067138672,0.9977141330075693,38328800,11,2024,313,11-2024
2024-11-11,224.22999572753906,0.9879714006628053,42005600,11,2024,316,11-2024
2024-11-12,224.22999572753906,1,40398300,11,2024,317,11-2024
2024-11-13,225.1199951171875,1.0039691361843037,48566200,11,2024,318,11-2024
2024-11-14,228.22000122070312,1.013770460957508,44923900,11,2024,319,11-2024
2024-11-15,225,0.9858908018426081,47923700,11,2024,320,11-2024
2024-11-18,228.02000427246094,1.0134222412109375,44686000,11,2024,323,11-2024
2024-11-19,228.27999877929688,1.0011402267431118,36211800,11,2024,324,11-2024
2024-11-20,229,1.003154026741516,35169600,11,2024,325,11-2024
2024-11-21,228.52000427246094,0.997903948788039,42108300,11,2024,326,11-2024
2024-11-22,229.8699951171875,1.005907539031537,38168300,11,2024,327,11-2024
2024-11-25,232.8699951171875,1.013050855108213,90152800,11,2024,330,11-2024
2024-11-26,235.05999755859375,1.0094043993959125,45986200,11,2024,331,11-2024
2024-11-27,234.92999267578125,0.9994469289366001,33498400,11,2024,332,11-2024
2024-11-29,237.3300018310547,1.0102158482530819,28481400,11,2024,334,11-2024
2024-12-02,239.58999633789062,1.0095225824354257,48137100,12,2024,337,12-2024
2024-12-03,242.64999389648438,1.0127718085285926,38861000,12,2024,338,12-2024
2024-12-04,243.00999450683594,1.0014836209330593,44383900,12,2024,339,12-2024
2024-12-05,243.0399932861328,1.0001234466893336,40033900,12,2024,340,12-2024
2024-12-06,242.83999633789062,0.9991771027247901,36870600,12,2024,341,12-2024
2024-12-09,246.75,1.0161011518739647,44649200,12,2024,344,12-2024
2024-12-10,247.77000427246094,1.0041337559167616,36914800,12,2024,345,12-2024
2024-12-11,246.49000549316406,0.9948339235693384,45205800,12,2024,346,12-2024
2024-12-12,247.9600067138672,1.0059637355995916,32777500,12,2024,347,12-2024
2024-12-13,248.1300048828125,1.0006855870476785,33155300,12,2024,348,12-2024
2024-12-16,251.0399932861328,1.0117276764037249,51694800,12,2024,351,12-2024
2024-12-17,253.47999572753906,1.0097195765880425,51356400,12,2024,352,12-2024
2024-12-18,248.0500030517578,0.9785782201068922,56774100,12,2024,353,12-2024
2024-12-19,249.7899932861328,1.0070146753193627,60882300,12,2024,354,12-2024
2024-12-20,254.49000549316406,1.0188158546513406,147495300,12,2024,355,12-2024
2024-12-23,255.27000427246094,1.003064948573463,40858800,12,2024,358,12-2024
2024-12-24,258.20001220703125,1.0114780737475249,23234700,12,2024,359,12-2024
2024-12-26,259.0199890136719,1.0031757427105896,27237100,12,2024,361,12-2024
2024-12-27,255.58999633789062,0.9867578070370461,42355300,12,2024,362,12-2024
2024-12-30,252.1999969482422,0.9867365724863235,35557500,12,2024,365,12-2024
2024-12-31,250.4199981689453,0.9929421141917691,39480700,12,2024,366,12-2024
2025-01-02,243.85000610351562,0.9737641078449444,55740700,1,2025,2,1-2025
2025-01-03,243.36000061035156,0.9979905454955943,40244100,1,2025,3,1-2025
2025-01-06,245,1.0067389849832975,45045600,1,2025,6,1-2025
2025-01-07,242.2100067138672,0.9886122723014987,40856000,1,2025,7,1-2025
2025-01-08,242.6999969482422,1.0020229974847978,37628900,1,2025,8,1-2025
2025-01-10,236.85000610351562,0.9758962055282838,61710900,1,2025,10,1-2025
2025-01-13,234.39999389648438,0.9896558490863603,49630700,1,2025,13,1-2025
2025-01-14,233.27999877929688,0.9952218637101069,39435300,1,2025,14,1-2025
2025-01-15,237.8699951171875,1.019675910330543,39832000,1,2025,15,1-2025
2025-01-16,228.25999450683594,0.9595997779979893,71759100,1,2025,16,1-2025
2025-01-17,229.97999572753906,1.0075352723302182,68488300,1,2025,17,1-2025
2025-01-21,222.63999938964844,0.9680841965638332,98070400,1,2025,21,1-2025
2025-01-22,223.8300018310547,1.005344962471562,64126500,1,2025,22,1-2025
2025-01-23,223.66000366210938,0.9992405032053137,60234800,1,2025,23,1-2025
2025-01-24,222.77999877929688,0.9960654347294836,54697900,1,2025,24,1-2025
2025-01-27,229.86000061035156,1.0317802400118903,94863400,1,2025,27,1-2025
2025-01-28,238.25999450683594,1.036543956643956,75707600,1,2025,28,1-2025
2025-01-29,239.36000061035156,1.004616830894303,45486100,1,2025,29,1-2025
2025-01-30,237.58999633789062,0.9926052629179999,55658300,1,2025,30,1-2025
2025-01-31,236,0.9933078144602124,101075100,1,2025,31,1-2025
2025-02-03,228.00999450683594,0.9661440445204913,73063300,2,2025,34,2-2025
2025-02-04,232.8000030517578,1.0210078885150724,45067300,2,2025,35,2-2025
2025-02-05,232.47000122070312,0.9985824663800312,39620300,2,2025,36,2-2025
2025-02-06,233.22000122070312,1.003226222721477,29925300,2,2025,37,2-2025
2025-02-07,227.6300048828125,0.9760312309894869,39707200,2,2025,38,2-2025
2025-02-10,227.64999389648438,1.0000878136152664,33115600,2,2025,41,2-2025
2025-02-11,232.6199951171875,1.021831765227119,53718400,2,2025,42,2-2025
2025-02-12,236.8699951171875,1.0182701405262216,45243300,2,2025,43,2-2025
2025-02-13,241.52999877929688,1.0196732543512061,53614100,2,2025,44,2-2025
2025-02-14,244.60000610351562,1.0127106667483736,40896200,2,2025,45,2-2025
2025-02-18,244.47000122070312,0.9994685000835303,48822500,2,2025,49,2-2025
2025-02-19,244.8699951171875,1.0016361676053793,32204200,2,2025,50,2-2025
2025-02-20,245.8300018310547,1.0039204750806965,32316900,2,2025,51,2-2025
2025-02-21,245.5500030517578,0.9988610064792283,53197400,2,2025,52,2-2025
2025-02-24,247.10000610351562,1.0063123723579475,51326400,2,2025,55,2-2025
2025-02-25,247.0399932861328,0.9997571314613498,48013300,2,2025,56,2-2025
2025-02-26,240.36000061035156,0.9729598734726155,44433600,2,2025,57,2-2025
2025-02-27,237.3000030517578,0.9872691065450847,41153600,2,2025,58,2-2025
2025-02-28,241.83999633789062,1.0191318720090474,56833400,2,2025,59,2-2025
2025-03-03,238.02999877929688,0.9842457921919973,47184000,3,2025,62,3-2025
2025-03-04,235.92999267578125,0.991177556970612,53798100,3,2025,63,3-2025
2025-03-05,235.74000549316406,0.9991947306891232,47227600,3,2025,64,3-2025
2025-03-06,235.3300018310547,0.9982607802979743,45170400,3,2025,65,3-2025
2025-03-07,239.07000732421875,1.0158925996008321,46273600,3,2025,66,3-2025
2025-03-10,227.47999572753906,0.9515204281524043,72071200,3,2025,69,3-2025
2025-03-11,220.83999633789062,0.9708106228487827,76137400,3,2025,70,3-2025
2025-03-12,216.97999572753906,0.9825212793227651,62547500,3,2025,71,3-2025
2025-03-13,209.67999267578125,0.9663563314798642,61368300,3,2025,72,3-2025
2025-03-14,213.49000549316406,1.0181706073562968,60107600,3,2025,73,3-2025
2025-03-17,214,1.002388844881323,48073400,3,2025,76,3-2025
2025-03-18,212.69000244140625,0.9938785160813376,42432400,3,2025,77,3-2025
2025-03-19,215.24000549316406,1.0119892943837843,54385400,3,2025,78,3-2025
2025-03-20,214.10000610351562,0.9947035896647725,48862900,3,2025,79,3-2025
2025-03-21,218.27000427246094,1.0194768708550581,94127800,3,2025,80,3-2025
2025-03-24,220.72999572753906,1.0112704054928563,44299500,3,2025,83,3-2025
2025-03-25,223.75,1.0136818934033267,34493600,3,2025,84,3-2025
2025-03-26,221.52999877929688,0.9900782068348464,34466100,3,2025,85,3-2025
2025-03-27,223.85000610351562,1.01047265533789,37094800,3,2025,86,3-2025
2025-03-28,217.89999389648438,0.9734196468849781,39818600,3,2025,87,3-2025
2025-03-31,222.1300048828125,1.0194126255383817,65299300,3,2025,90,3-2025
2025-04-01,223.19000244140625,1.0047719692760686,36412700,4,2025,91,4-2025
2025-04-02,223.88999938964844,1.0031363275262564,35905900,4,2025,92,4-2025
2025-04-03,203.19000244140625,0.9075438965354732,103419000,4,2025,93,4-2025
2025-04-04,188.3800048828125,0.9271125676428666,125910900,4,2025,94,4-2025
2025-04-07,181.4600067138672,0.9632657501349461,160466300,4,2025,97,4-2025
2025-04-08,172.4199981689453,0.9501818130141674,120859500,4,2025,98,4-2025
2025-04-09,198.85000610351562,1.1532885292613966,184395900,4,2025,99,4-2025
2025-04-10,190.4199981689453,0.9576061972551215,121880000,4,2025,100,4-2025
2025-04-11,198.14999389648438,1.0405944533235465,87435900,4,2025,101,4-2025
2025-04-14,202.52000427246094,1.022054052538904,101352900,4,2025,104,4-2025
2025-04-15,202.13999938964844,0.9981236180387333,51343900,4,2025,105,4-2025
2025-04-16,194.27000427246094,0.9610666115516446,59732400,4,2025,106,4-2025
2025-04-17,196.97999572753906,1.0139496134013433,51334300,4,2025,107,4-2025
2025-04-21,193.16000366210938,0.9806072081009004,46742500,4,2025,111,4-2025
2025-04-22,199.74000549316406,1.0340650326480887,52976400,4,2025,112,4-2025
2025-04-23,204.60000610351562,1.0243316335070287,52929200,4,2025,113,4-2025
2025-04-24,208.3699951171875,1.0184261432121584,47311000,4,2025,114,4-2025
2025-04-25,209.27999877929688,1.0043672490446505,38222300,4,2025,115,4-2025
2025-04-28,210.13999938964844,1.00410933015753,38743100,4,2025,118,4-2025
2025-04-29,211.2100067138672,1.0050918784016682,36827600,4,2025,119,4-2025
2025-04-30,212.5,1.006107633374968,52286500,4,2025,120,4-2025
2025-05-01,213.32000732421875,1.0038588579963235,57365700,5,2025,121,5-2025
2025-05-02,205.35000610351562,0.9626382854535076,101010600,5,2025,122,5-2025
2025-05-05,198.88999938964844,0.9685414827277349,69018500,5,2025,125,5-2025
2025-05-06,198.50999450683594,0.9980893715924448,51216500,5,2025,126,5-2025
2025-05-07,196.25,0.9886152104711377,68536700,5,2025,127,5-2025
2025-05-08,197.49000549316406,1.0063184993282246,50478900,5,2025,128,5-2025
2025-05-09,198.52999877929688,1.005266055279789,36453900,5,2025,129,5-2025
2025-05-12,210.7899932861328,1.0617538638100996,63775800,5,2025,132,5-2025
2025-05-13,212.92999267578125,1.0101522816917763,51909300,5,2025,133,5-2025
2025-05-14,212.3300018310547,0.9971822154446783,49325800,5,2025,134,5-2025
2025-05-15,211.4499969482422,0.9958554849751629,45029500,5,2025,135,5-2025
2025-05-16,211.25999450683594,0.9991014308623861,54737900,5,2025,136,5-2025
2025-05-19,208.77999877929688,0.9882609306445911,46140500,5,2025,139,5-2025
2025-05-20,206.86000061035156,0.990803725547604,42496600,5,2025,140,5-2025
2025-05-21,202.08999633789062,0.9769409056444611,59211800,5,2025,141,5-2025
2025-05-22,201.36000061035156,0.996387769108974,46742400,5,2025,142,5-2025
2025-05-23,195.27000427246094,0.9697556797803389,78432900,5,2025,143,5-2025
2025-05-27,200.2100067138672,1.0252983168603482,56288500,5,2025,147,5-2025
2025-05-28,200.4199981689453,1.0010488559414428,45339700,5,2025,148,5-2025
2025-05-29,199.9499969482422,0.9976549185460678,51396800,5,2025,149,5-2025
